time,load
2015-01-21,48730.4
2015-01-22,46037.25
2015-01-23,45929.875
2015-01-24,41568.4375
2015-01-25,40635.625
2015-01-26,44372.229166666664
2015-01-27,45200.854166666664
2015-01-28,44740.166666666664
2015-01-29,46039.958333333336
2015-01-30,45893.25
2015-01-31,41998.6875
2015-02-01,41402.1875
2015-02-02,46586.520833333336
2015-02-03,46242.0625
2015-02-04,45914.229166666664
2015-02-05,46730.833333333336
2015-02-06,45212.375
2015-02-07,41489.875
2015-02-08,39791.979166666664
2015-02-09,43324.1875
2015-02-10,44852.229166666664
2015-02-11,45722.4375
2015-02-12,45703.458333333336
2015-02-13,44494.979166666664
2015-02-14,40502.4375
2015-02-15,38973.145833333336
2015-02-16,43923.645833333336
2015-02-17,43707.916666666664
2015-02-18,42620.5625
2015-02-19,43451.895833333336
2015-02-20,43578.583333333336
2015-02-21,39400.520833333336
2015-02-22,39965.8125
2015-02-23,43857.895833333336
2015-02-24,44307.395833333336
2015-02-25,43914.9375
2015-02-26,43273.625
2015-02-27,42961.666666666664
2015-02-28,38967.208333333336
2015-03-01,37728.270833333336
2015-03-02,43502.895833333336
2015-03-03,43917.479166666664
2015-03-04,43714.166666666664
2015-03-05,43512.0625
2015-03-06,41236.291666666664
2015-03-07,36401.6875
2015-03-08,36522.3125
2015-03-09,42683.583333333336
2015-03-10,41882.979166666664
2015-03-11,42363.979166666664
2015-03-12,41693.020833333336
2015-03-13,41737.333333333336
2015-03-14,38827.75
2015-03-15,38309.854166666664
2015-03-16,43025.125
2015-03-17,42729.25
2015-03-18,42538.291666666664
2015-03-19,42738.208333333336
2015-03-20,41109.291666666664
2015-03-21,37056.8125
2015-03-22,36570.916666666664
2015-03-23,40273.854166666664
2015-03-24,40324.5
2015-03-25,40323.416666666664
2015-03-26,40783.333333333336
2015-03-27,39453.791666666664
2015-03-28,35944.125
2015-03-29,35744.54761904762
2015-03-30,39467.979166666664
2015-03-31,40067.25
2015-04-01,38053.145833333336
2015-04-02,37050.604166666664
2015-04-03,34308.041666666664
2015-04-04,33254.25
2015-04-05,31245.083333333332
2015-04-06,31876.5
2015-04-07,34768.1875
2015-04-08,35201.479166666664
2015-04-09,35100.4375
2015-04-10,34512.854166666664
2015-04-11,30885.354166666668
2015-04-12,30835.395833333332
2015-04-13,36954.041666666664
2015-04-14,37840.6875
2015-04-15,37496.020833333336
2015-04-16,37756.6875
2015-04-17,37015.604166666664
2015-04-18,33425.625
2015-04-19,33567.208333333336
2015-04-20,37662.4375
2015-04-21,37378.041666666664
2015-04-22,37443.354166666664
2015-04-23,37240.8125
2015-04-24,36385.791666666664
2015-04-25,33198.625
2015-04-26,33008.875
2015-04-27,38034.020833333336
2015-04-28,36390.583333333336
2015-04-29,38088.083333333336
2015-04-30,38188.166666666664
2015-05-01,37513.958333333336
2015-05-02,33958.729166666664
2015-05-03,32585.854166666668
2015-05-04,32858.291666666664
2015-05-05,36941.895833333336
2015-05-06,37621.416666666664
2015-05-07,37620.5
2015-05-08,37199.791666666664
2015-05-09,33282.916666666664
2015-05-10,32148.833333333332
2015-05-11,35880.479166666664
2015-05-12,36241.708333333336
2015-05-13,36442.25
2015-05-14,37756.416666666664
2015-05-15,36621.229166666664
2015-05-16,32178.208333333332
2015-05-17,31369.0
2015-05-18,36665.8125
2015-05-19,37533.5625
2015-05-20,37262.75
2015-05-21,36361.645833333336
2015-05-22,36048.854166666664
2015-05-23,31843.458333333332
2015-05-24,30275.770833333332
2015-05-25,31694.25
2015-05-26,34921.458333333336
2015-05-27,35503.395833333336
2015-05-28,35129.854166666664
2015-05-29,35445.854166666664
2015-05-30,31336.729166666668
2015-05-31,31240.895833333332
2015-06-01,35450.6875
2015-06-02,35970.6875
2015-06-03,35999.5625
2015-06-04,35962.604166666664
2015-06-05,34973.5625
2015-06-06,30596.270833333332
2015-06-07,29445.125
2015-06-08,34607.333333333336
2015-06-09,35426.458333333336
2015-06-10,36117.875
2015-06-11,33694.541666666664
2015-06-12,35415.375
2015-06-13,31852.9375
2015-06-14,31150.25
2015-06-15,35132.083333333336
2015-06-16,35840.6875
2015-06-17,35789.041666666664
2015-06-18,35649.020833333336
2015-06-19,34566.895833333336
2015-06-20,31647.8125
2015-06-21,29788.916666666668
2015-06-22,35122.791666666664
2015-06-23,35588.5
2015-06-24,35583.083333333336
2015-06-25,35473.541666666664
2015-06-26,35061.3125
2015-06-27,31021.375
2015-06-28,30070.5625
2015-06-29,35163.041666666664
2015-06-30,36642.708333333336
2015-07-01,37296.645833333336
2015-07-02,36236.583333333336
2015-07-03,35235.583333333336
2015-07-04,31683.916666666668
2015-07-05,30343.166666666668
2015-07-06,34219.729166666664
2015-07-07,34432.416666666664
2015-07-08,34803.604166666664
2015-07-09,35026.125
2015-07-10,35093.270833333336
2015-07-11,30879.9375
2015-07-12,29860.5625
2015-07-13,34988.8125
2015-07-14,35407.3125
2015-07-15,35376.270833333336
2015-07-16,35637.604166666664
2015-07-17,34488.333333333336
2015-07-18,30431.020833333332
2015-07-19,29878.645833333332
2015-07-20,34465.8125
2015-07-21,34580.333333333336
2015-07-22,34988.291666666664
2015-07-23,34601.791666666664
2015-07-24,34548.354166666664
2015-07-25,30459.895833333332
2015-07-26,30116.833333333332
2015-07-27,34083.395833333336
2015-07-28,34528.854166666664
2015-07-29,34427.5
2015-07-30,34176.25
2015-07-31,33710.958333333336
2015-08-01,30047.583333333332
2015-08-02,29831.8125
2015-08-03,33699.625
2015-08-04,33624.166666666664
2015-08-05,34400.041666666664
2015-08-06,33570.25
2015-08-07,33566.25
2015-08-08,30484.604166666668
2015-08-09,29837.020833333332
2015-08-10,34071.666666666664
2015-08-11,35278.75
2015-08-12,35110.666666666664
2015-08-13,35593.604166666664
2015-08-14,35380.333333333336
2015-08-15,30865.895833333332
2015-08-16,30307.833333333332
2015-08-17,34672.75
2015-08-18,35292.020833333336
2015-08-19,35655.791666666664
2015-08-20,35737.583333333336
2015-08-21,34956.229166666664
2015-08-22,32096.9375
2015-08-23,30859.6875
2015-08-24,35131.208333333336
2015-08-25,35126.583333333336
2015-08-26,35302.895833333336
2015-08-27,34918.8125
2015-08-28,34125.75
2015-08-29,30798.104166666668
2015-08-30,30033.6875
2015-08-31,31774.104166666668
2015-09-01,35135.333333333336
2015-09-02,35843.645833333336
2015-09-03,36074.708333333336
2015-09-04,35406.333333333336
2015-09-05,32059.208333333332
2015-09-06,31146.541666666668
2015-09-07,35787.145833333336
2015-09-08,36832.541666666664
2015-09-09,36571.875
2015-09-10,36155.583333333336
2015-09-11,35550.020833333336
2015-09-12,31946.166666666668
2015-09-13,31308.791666666668
2015-09-14,35115.75
2015-09-15,36311.125
2015-09-16,37004.541666666664
2015-09-17,36795.208333333336
2015-09-18,36239.0625
2015-09-19,32450.75
2015-09-20,31814.270833333332
2015-09-21,37043.5
2015-09-22,36627.083333333336
2015-09-23,36578.854166666664
2015-09-24,36011.083333333336
2015-09-25,35769.0625
2015-09-26,32677.3125
2015-09-27,31870.541666666668
2015-09-28,36587.416666666664
2015-09-29,36541.833333333336
2015-09-30,37556.666666666664
2015-10-01,37274.958333333336
2015-10-02,37192.833333333336
2015-10-03,34737.520833333336
2015-10-04,31970.270833333332
2015-10-05,37635.166666666664
2015-10-06,37960.8125
2015-10-07,37690.1875
2015-10-08,37862.25
2015-10-09,37361.145833333336
2015-10-10,34330.895833333336
2015-10-11,33325.0
2015-10-12,37816.604166666664
2015-10-13,38857.354166666664
2015-10-14,38136.875
2015-10-15,38768.791666666664
2015-10-16,38103.895833333336
2015-10-17,35860.1875
2015-10-18,35063.5625
2015-10-19,38806.8125
2015-10-20,38413.145833333336
2015-10-21,38999.916666666664
2015-10-22,38063.208333333336
2015-10-23,38807.104166666664
2015-10-24,35402.645833333336
2015-10-25,35537.979166666664
2015-10-26,38585.625
2015-10-27,39974.875
2015-10-28,39633.125
2015-10-29,38775.9375
2015-10-30,39453.958333333336
2015-10-31,35545.791666666664
2015-11-01,35631.25
2015-11-02,40446.0625
2015-11-03,40465.291666666664
2015-11-04,40373.791666666664
2015-11-05,40220.083333333336
2015-11-06,38563.625
2015-11-07,35889.020833333336
2015-11-08,35551.458333333336
2015-11-09,39584.770833333336
2015-11-10,39166.833333333336
2015-11-11,39328.583333333336
2015-11-12,39393.625
2015-11-13,39439.979166666664
2015-11-14,37482.354166666664
2015-11-15,35660.041666666664
2015-11-16,39567.0
2015-11-17,40901.833333333336
2015-11-18,40587.541666666664
2015-11-19,40018.75
2015-11-20,41086.3125
2015-11-21,39200.270833333336
2015-11-22,39276.666666666664
2015-11-23,42415.354166666664
2015-11-24,41720.75
2015-11-25,41695.583333333336
2015-11-26,40750.875
2015-11-27,39613.666666666664
2015-11-28,39120.770833333336
2015-11-29,38243.479166666664
2015-11-30,42935.8125
2015-12-01,42707.6875
2015-12-02,40445.958333333336
2015-12-03,42109.333333333336
2015-12-04,40880.875
2015-12-05,38191.145833333336
2015-12-06,37092.083333333336
2015-12-07,40984.729166666664
2015-12-08,41103.479166666664
2015-12-09,41186.145833333336
2015-12-10,41786.75
2015-12-11,42407.75
2015-12-12,39503.5625
2015-12-13,39682.979166666664
2015-12-14,42979.833333333336
2015-12-15,42782.541666666664
2015-12-16,42176.4375
2015-12-17,41482.895833333336
2015-12-18,40654.291666666664
2015-12-19,35393.041666666664
2015-12-20,35950.8125
2015-12-21,40863.3125
2015-12-22,40165.895833333336
2015-12-23,39095.375
2015-12-24,36800.3125
2015-12-25,33494.166666666664
2015-12-26,31986.083333333332
2015-12-27,34448.875
2015-12-28,34826.020833333336
2015-12-29,35769.395833333336
2015-12-30,36846.625
2015-12-31,36627.145833333336
2016-01-01,35767.770833333336
2016-01-02,36311.4375
2016-01-03,37252.854166666664
2016-01-04,41811.479166666664
2016-01-05,43004.270833333336
2016-01-06,42877.854166666664
2016-01-07,42628.541666666664
2016-01-08,42988.916666666664
2016-01-09,39221.375
2016-01-10,38378.208333333336
2016-01-11,44170.916666666664
2016-01-12,44707.9375
2016-01-13,45078.416666666664
2016-01-14,45512.416666666664
2016-01-15,45749.020833333336
2016-01-16,42894.333333333336
2016-01-17,42212.541666666664
2016-01-18,45749.791666666664
2016-01-19,44948.541666666664
2016-01-20,44351.916666666664
2016-01-21,42922.229166666664
2016-01-22,42496.979166666664
2016-01-23,40004.520833333336
2016-01-24,38304.208333333336
2016-01-25,41594.291666666664
2016-01-26,42701.791666666664
2016-01-27,42585.0
2016-01-28,43069.395833333336
2016-01-29,42069.354166666664
2016-01-30,38712.958333333336
2016-01-31,39049.875
2016-02-01,41808.875
2016-02-02,42662.895833333336
2016-02-03,44029.8125
2016-02-04,43402.104166666664
2016-02-05,41797.6875
2016-02-06,39463.104166666664
2016-02-07,38247.333333333336
2016-02-08,43097.166666666664
2016-02-09,43857.229166666664
2016-02-10,43950.354166666664
2016-02-11,43972.9375
2016-02-12,44373.125
2016-02-13,41414.145833333336
2016-02-14,39910.125
2016-02-15,44850.145833333336
2016-02-16,44311.875
2016-02-17,44991.916666666664
2016-02-18,44257.0
2016-02-19,43431.291666666664
2016-02-20,38892.270833333336
2016-02-21,37365.40625
2016-02-22,42249.541666666664
2016-02-23,43439.270833333336
2016-02-24,44526.854166666664
2016-02-25,45125.666666666664
2016-02-26,44598.770833333336
2016-02-27,40796.770833333336
2016-02-28,39637.083333333336
2016-02-29,44455.354166666664
2016-03-01,43095.145833333336
2016-03-02,43830.916666666664
2016-03-03,43802.041666666664
2016-03-04,43484.354166666664
2016-03-05,40525.125
2016-03-06,39875.25
2016-03-07,44068.1875
2016-03-08,44888.166666666664
2016-03-09,44648.208333333336
2016-03-10,44123.3125
2016-03-11,42767.6875
2016-03-12,39098.604166666664
2016-03-13,37557.979166666664
2016-03-14,41539.145833333336
2016-03-15,43175.791666666664
2016-03-16,42534.104166666664
2016-03-17,42626.0
2016-03-18,43548.75
2016-03-19,39711.25
2016-03-20,37709.395833333336
2016-03-21,41944.875
2016-03-22,41628.541666666664
2016-03-23,42475.895833333336
2016-03-24,41194.479166666664
2016-03-25,35881.5
2016-03-26,35274.354166666664
2016-03-27,33523.4375
2016-03-28,35259.020833333336
2016-03-29,40473.770833333336
2016-03-30,40485.0625
2016-03-31,40258.291666666664
2016-04-01,39107.791666666664
2016-04-02,36132.395833333336
2016-04-03,35235.979166666664
2016-04-04,39328.145833333336
2016-04-05,38991.833333333336
2016-04-06,38890.5
2016-04-07,40203.958333333336
2016-04-08,39315.729166666664
2016-04-09,36219.208333333336
2016-04-10,35063.25
2016-04-11,39019.458333333336
2016-04-12,39769.020833333336
2016-04-13,39271.9375
2016-04-14,39473.625
2016-04-15,40028.833333333336
2016-04-16,36943.229166666664
2016-04-17,35698.395833333336
2016-04-18,38714.229166666664
2016-04-19,37701.604166666664
2016-04-20,37821.375
2016-04-21,37808.333333333336
2016-04-22,38125.291666666664
2016-04-23,34977.6875
2016-04-24,34508.541666666664
2016-04-25,38807.625
2016-04-26,39652.708333333336
2016-04-27,39996.4375
2016-04-28,39782.020833333336
2016-04-29,38616.125
2016-04-30,35510.666666666664
2016-05-01,33541.0625
2016-05-02,34058.0
2016-05-03,37733.354166666664
2016-05-04,37775.791666666664
2016-05-05,37123.25
2016-05-06,36067.395833333336
2016-05-07,32576.395833333332
2016-05-08,31340.770833333332
2016-05-09,34935.0
2016-05-10,35729.625
2016-05-11,36003.916666666664
2016-05-12,35168.083333333336
2016-05-13,35451.4375
2016-05-14,32242.854166666668
2016-05-15,31840.229166666668
2016-05-16,36257.604166666664
2016-05-17,36968.708333333336
2016-05-18,36740.958333333336
2016-05-19,37174.083333333336
2016-05-20,36042.645833333336
2016-05-21,32411.083333333332
2016-05-22,32343.770833333332
2016-05-23,36029.1875
2016-05-24,36308.8125
2016-05-25,37137.833333333336
2016-05-26,36974.0
2016-05-27,35251.958333333336
2016-05-28,31836.5
2016-05-29,30365.1875
2016-05-30,31340.854166666668
2016-05-31,34953.479166666664
2016-06-01,35856.916666666664
2016-06-02,35889.583333333336
2016-06-03,35849.8125
2016-06-04,32462.625
2016-06-05,31201.125
2016-06-06,35791.333333333336
2016-06-07,36285.854166666664
2016-06-08,36615.583333333336
2016-06-09,35874.25
2016-06-10,35448.104166666664
2016-06-11,32384.854166666668
2016-06-12,32209.75
2016-06-13,35751.291666666664
2016-06-14,35952.3125
2016-06-15,35428.270833333336
2016-06-16,35701.416666666664
2016-06-17,35103.104166666664
2016-06-18,32588.041666666668
2016-06-19,31038.020833333332
2016-06-20,34738.354166666664
2016-06-21,35535.583333333336
2016-06-22,35740.770833333336
2016-06-23,36075.604166666664
2016-06-24,35307.9375
2016-06-25,32076.104166666668
2016-06-26,31196.020833333332
2016-06-27,34239.395833333336
2016-06-28,35565.375
2016-06-29,35678.854166666664
2016-06-30,35521.770833333336
2016-07-01,34183.75
2016-07-02,30496.8125
2016-07-03,30033.020833333332
2016-07-04,34445.270833333336
2016-07-05,34671.145833333336
2016-07-06,34357.604166666664
2016-07-07,34701.416666666664
2016-07-08,33530.125
2016-07-09,30477.104166666668
2016-07-10,29549.854166666668
2016-07-11,34309.791666666664
2016-07-12,35898.9375
2016-07-13,35197.083333333336
2016-07-14,35030.625
2016-07-15,33885.833333333336
2016-07-16,30715.6875
2016-07-17,29972.208333333332
2016-07-18,34891.520833333336
2016-07-19,36017.0625
2016-07-20,36393.520833333336
2016-07-21,35534.1875
2016-07-22,34762.541666666664
2016-07-23,31821.479166666668
2016-07-24,31114.083333333332
2016-07-25,34066.4375
2016-07-26,34705.708333333336
2016-07-27,34517.729166666664
2016-07-28,34743.895833333336
2016-07-29,34058.604166666664
2016-07-30,30346.770833333332
2016-07-31,29241.291666666668
2016-08-01,34501.208333333336
2016-08-02,34990.458333333336
2016-08-03,33666.916666666664
2016-08-04,33947.75
2016-08-05,33810.9375
2016-08-06,30565.145833333332
2016-08-07,27661.083333333332
2016-08-08,32666.479166666668
2016-08-09,34454.0
2016-08-10,35107.333333333336
2016-08-11,34767.3125
2016-08-12,33474.979166666664
2016-08-13,30463.6875
2016-08-14,30958.666666666668
2016-08-15,34269.104166666664
2016-08-16,35043.520833333336
2016-08-17,34923.520833333336
2016-08-18,35355.354166666664
2016-08-19,34612.854166666664
2016-08-20,29112.8125
2016-08-21,28802.6875
2016-08-22,33943.979166666664
2016-08-23,35132.708333333336
2016-08-24,35550.020833333336
2016-08-25,35964.041666666664
2016-08-26,33193.1875
2016-08-27,31454.1875
2016-08-28,30758.479166666668
2016-08-29,28910.770833333332
2016-08-30,33341.854166666664
2016-08-31,33709.916666666664
2016-09-01,32773.041666666664
2016-09-02,32935.229166666664
2016-09-03,31343.520833333332
2016-09-04,30617.583333333332
2016-09-05,34504.291666666664
2016-09-06,35977.541666666664
2016-09-07,36890.041666666664
2016-09-08,34779.520833333336
2016-09-09,32624.0625
2016-09-10,32103.229166666668
2016-09-11,29669.291666666668
2016-09-12,33684.75
2016-09-13,36109.833333333336
2016-09-14,36092.625
2016-09-15,36368.375
2016-09-16,34048.833333333336
2016-09-17,31220.166666666668
2016-09-18,30898.791666666668
2016-09-19,34214.645833333336
2016-09-20,34894.895833333336
2016-09-21,34806.104166666664
2016-09-22,34522.104166666664
2016-09-23,33351.083333333336
2016-09-24,30092.416666666668
2016-09-25,29022.0
2016-09-26,34974.958333333336
2016-09-27,34151.8125
2016-09-28,34228.333333333336
2016-09-29,33602.583333333336
2016-09-30,34195.604166666664
2016-10-01,33013.375
2016-10-02,31639.875
2016-10-03,35135.208333333336
2016-10-04,34956.6875
2016-10-05,34317.6875
2016-10-06,35141.395833333336
2016-10-07,36096.833333333336
2016-10-08,32348.666666666668
2016-10-09,30893.083333333332
2016-10-10,35310.666666666664
2016-10-11,36026.833333333336
2016-10-12,35846.229166666664
2016-10-13,35968.125
2016-10-14,35763.395833333336
2016-10-15,33480.1875
2016-10-16,32397.5625
2016-10-17,35021.541666666664
2016-10-18,35573.979166666664
2016-10-19,36294.3125
2016-10-20,36771.1875
2016-10-21,36286.8125
2016-10-22,32547.9375
2016-10-23,32774.645833333336
2016-10-24,37018.479166666664
2016-10-25,37621.9375
2016-10-26,35378.270833333336
2016-10-27,35236.833333333336
2016-10-28,35611.541666666664
2016-10-29,33613.520833333336
2016-10-30,34447.1875
2016-10-31,37554.875
2016-11-01,40004.354166666664
2016-11-02,37917.854166666664
2016-11-03,39518.3125
2016-11-04,38962.270833333336
2016-11-05,36113.020833333336
2016-11-06,36412.6875
2016-11-07,39523.083333333336
2016-11-08,42486.604166666664
2016-11-09,41901.0625
2016-11-10,39789.916666666664
2016-11-11,39821.916666666664
2016-11-12,36541.375
2016-11-13,35560.208333333336
2016-11-14,38021.395833333336
2016-11-15,37739.0
2016-11-16,36934.729166666664
2016-11-17,39242.166666666664
2016-11-18,40494.958333333336
2016-11-19,39105.875
2016-11-20,38277.145833333336
2016-11-21,42267.354166666664
2016-11-22,42162.333333333336
2016-11-23,42736.927083333336
2016-11-24,41932.125
2016-11-25,41038.291666666664
2016-11-26,39593.25
2016-11-27,38496.291666666664
2016-11-28,42018.208333333336
2016-11-29,43667.770833333336
2016-11-30,42710.125
2016-12-01,42678.645833333336
2016-12-02,42458.479166666664
2016-12-03,39278.166666666664
2016-12-04,38939.229166666664
2016-12-05,43921.020833333336
2016-12-06,42826.9375
2016-12-07,40007.833333333336
2016-12-08,40075.520833333336
2016-12-09,38810.833333333336
2016-12-10,36684.708333333336
2016-12-11,36114.0
2016-12-12,41093.6875
2016-12-13,40486.520833333336
2016-12-14,38420.6875
2016-12-15,39596.25
2016-12-16,39080.041666666664
2016-12-17,37176.3125
2016-12-18,37361.708333333336
2016-12-19,40109.270833333336
2016-12-20,39391.875
2016-12-21,40123.5625
2016-12-22,39129.229166666664
2016-12-23,38442.979166666664
2016-12-24,36041.3125
2016-12-25,31542.75
2016-12-26,31733.791666666668
2016-12-27,36213.729166666664
2016-12-28,38991.25
2016-12-29,39317.833333333336
2016-12-30,38373.479166666664
2016-12-31,36060.520833333336
2017-01-01,32653.833333333332
2017-01-02,34420.75
2017-01-03,38745.958333333336
2017-01-04,39049.791666666664
2017-01-05,41320.875
2017-01-06,40552.729166666664
2017-01-07,35556.9375
2017-01-08,34482.458333333336
2017-01-09,37590.041666666664
2017-01-10,38153.166666666664
2017-01-11,38060.520833333336
2017-01-12,40425.791666666664
2017-01-13,40475.625
2017-01-14,37340.125
2017-01-15,35837.5625
2017-01-16,38862.541666666664
2017-01-17,39009.125
2017-01-18,39760.5
2017-01-19,39351.6875
2017-01-20,39139.916666666664
2017-01-21,37476.854166666664
2017-01-22,37029.895833333336
2017-01-23,41090.041666666664
2017-01-24,39908.708333333336
2017-01-25,39864.8125
2017-01-26,42496.375
2017-01-27,41905.833333333336
2017-01-28,37097.520833333336
2017-01-29,36813.979166666664
2017-01-30,40238.3125
2017-01-31,38591.041666666664
2017-02-01,39265.333333333336
2017-02-02,39188.875
2017-02-03,38805.375
2017-02-04,36343.25
2017-02-05,36721.208333333336
2017-02-06,40155.4375
2017-02-07,39842.0625
2017-02-08,40310.6875
2017-02-09,41682.208333333336
2017-02-10,41838.145833333336
2017-02-11,39277.458333333336
2017-02-12,38464.854166666664
2017-02-13,40640.5
2017-02-14,40655.9375
2017-02-15,39822.729166666664
2017-02-16,38004.541666666664
2017-02-17,38810.8125
2017-02-18,34789.520833333336
2017-02-19,34183.416666666664
2017-02-20,35280.4375
2017-02-21,37702.458333333336
2017-02-22,37223.645833333336
2017-02-23,38723.458333333336
2017-02-24,38833.708333333336
2017-02-25,34864.75
2017-02-26,34467.25
2017-02-27,39849.791666666664
2017-02-28,41452.041666666664
2017-03-01,40412.708333333336
2017-03-02,39481.166666666664
2017-03-03,40185.958333333336
2017-03-04,36127.354166666664
2017-03-05,35941.458333333336
2017-03-06,39706.541666666664
2017-03-07,39276.395833333336
2017-03-08,38902.875
2017-03-09,37264.375
2017-03-10,38607.458333333336
2017-03-11,34948.729166666664
2017-03-12,34082.125
2017-03-13,37843.854166666664
2017-03-14,37515.479166666664
2017-03-15,37317.75
2017-03-16,38050.458333333336
2017-03-17,37948.875
2017-03-18,33932.145833333336
2017-03-19,31787.645833333332
2017-03-20,37124.9375
2017-03-21,37513.75
2017-03-22,38889.1875
2017-03-23,39105.270833333336
2017-03-24,38467.375
2017-03-25,34491.75
2017-03-26,34251.59523809524
2017-03-27,38487.604166666664
2017-03-28,38034.583333333336
2017-03-29,37406.208333333336
2017-03-30,35850.3125
2017-03-31,34776.645833333336
2017-04-01,32894.458333333336
2017-04-02,32126.354166666668
2017-04-03,35724.375
2017-04-04,36171.5
2017-04-05,35436.854166666664
2017-04-06,35250.645833333336
2017-04-07,35238.125
2017-04-08,31889.166666666668
2017-04-09,30354.375
2017-04-10,34261.5625
2017-04-11,34756.708333333336
2017-04-12,34914.1875
2017-04-13,35131.75
2017-04-14,32593.479166666668
2017-04-15,30112.645833333332
2017-04-16,30249.9375
2017-04-17,32244.9375
2017-04-18,35509.020833333336
2017-04-19,35713.145833333336
2017-04-20,35932.854166666664
2017-04-21,35001.9375
2017-04-22,31613.354166666668
2017-04-23,30797.5625
2017-04-24,35880.416666666664
2017-04-25,37394.729166666664
2017-04-26,37754.145833333336
2017-04-27,37480.979166666664
2017-04-28,36462.8125
2017-04-29,32653.833333333332
2017-04-30,30389.020833333332
2017-05-01,32330.416666666668
2017-05-02,35529.666666666664
2017-05-03,35463.791666666664
2017-05-04,34689.375
2017-05-05,34659.75
2017-05-06,31674.645833333332
2017-05-07,30720.145833333332
2017-05-08,35507.375
2017-05-09,35469.895833333336
2017-05-10,34861.229166666664
2017-05-11,34867.958333333336
2017-05-12,34682.916666666664
2017-05-13,30241.625
2017-05-14,29589.583333333332
2017-05-15,33289.895833333336
2017-05-16,33358.458333333336
2017-05-17,34305.791666666664
2017-05-18,34245.729166666664
2017-05-19,34379.458333333336
2017-05-20,30544.541666666668
2017-05-21,29685.854166666668
2017-05-22,33605.697916666664
2017-05-23,33977.041666666664
2017-05-24,33646.885416666664
2017-05-25,34351.8125
2017-05-26,32661.333333333332
2017-05-27,28478.333333333332
2017-05-28,27897.333333333332
2017-05-29,28935.833333333332
2017-05-30,31763.5625
2017-05-31,32929.25
2017-06-01,32202.166666666668
2017-06-02,32331.125
2017-06-03,28753.6875
2017-06-04,27913.145833333332
2017-06-05,32641.104166666668
2017-06-06,33755.8125
2017-06-07,32836.875
2017-06-08,33331.583333333336
2017-06-09,33170.895833333336
2017-06-10,29204.979166666668
2017-06-11,27473.770833333332
2017-06-12,31727.0625
2017-06-13,33397.333333333336
2017-06-14,33379.375
2017-06-15,32835.708333333336
2017-06-16,31541.020833333332
2017-06-17,29880.5
2017-06-18,29248.791666666668
2017-06-19,33739.791666666664
2017-06-20,33447.708333333336
2017-06-21,33161.979166666664
2017-06-22,32850.3125
2017-06-23,31143.125
2017-06-24,28027.104166666668
2017-06-25,27071.1875
2017-06-26,31773.208333333332
2017-06-27,32065.25
2017-06-28,32691.770833333332
2017-06-29,33006.604166666664
2017-06-30,32609.6875
2017-07-01,28799.333333333332
2017-07-02,27711.375
2017-07-03,32066.333333333332
2017-07-04,33516.791666666664
2017-07-05,33717.666666666664
2017-07-06,34601.979166666664
2017-07-07,33654.729166666664
2017-07-08,29695.729166666668
2017-07-09,28985.479166666668
2017-07-10,33405.708333333336
2017-07-11,34057.166666666664
2017-07-12,33370.333333333336
2017-07-13,33248.5
2017-07-14,32323.291666666668
2017-07-15,29032.895833333332
2017-07-16,28683.270833333332
2017-07-17,32329.0625
2017-07-18,33176.229166666664
2017-07-19,34783.479166666664
2017-07-20,32930.958333333336
2017-07-21,32514.020833333332
2017-07-22,29402.458333333332
2017-07-23,28730.416666666668
2017-07-24,31732.958333333332
2017-07-25,32730.895833333332
2017-07-26,32431.9375
2017-07-27,31784.458333333332
2017-07-28,31180.895833333332
2017-07-29,28476.791666666668
2017-07-30,27513.979166666668
2017-07-31,31319.333333333332
2017-08-01,31711.333333333332
2017-08-02,32095.0
2017-08-03,31421.979166666668
2017-08-04,31207.0625
2017-08-05,28559.3125
2017-08-06,27533.416666666668
2017-08-07,31857.270833333332
2017-08-08,32755.375
2017-08-09,32802.770833333336
2017-08-10,32386.020833333332
2017-08-11,32015.333333333332
2017-08-12,28918.770833333332
2017-08-13,27993.458333333332
2017-08-14,32480.770833333332
2017-08-15,32452.875
2017-08-16,32522.583333333332
2017-08-17,32681.4375
2017-08-18,31729.875
2017-08-19,27291.5
2017-08-20,28382.0
2017-08-21,33011.604166666664
2017-08-22,33564.75
2017-08-23,33512.625
2017-08-24,32620.1875
2017-08-25,31897.75
2017-08-26,29563.145833333332
2017-08-27,28424.041666666668
2017-08-28,28355.166666666668
2017-08-29,33372.5
2017-08-30,33474.770833333336
2017-08-31,33364.041666666664
2017-09-01,32585.708333333332
2017-09-02,29806.6875
2017-09-03,29064.375
2017-09-04,33639.229166666664
2017-09-05,34307.145833333336
2017-09-06,33476.895833333336
2017-09-07,33917.270833333336
2017-09-08,33257.520833333336
2017-09-09,30395.6875
2017-09-10,29389.1875
2017-09-11,32045.125
2017-09-12,32584.333333333332
2017-09-13,33104.979166666664
2017-09-14,33655.479166666664
2017-09-15,33501.333333333336
2017-09-16,30539.5625
2017-09-17,29761.0
2017-09-18,32949.9375
2017-09-19,33393.479166666664
2017-09-20,32705.104166666668
2017-09-21,33722.541666666664
2017-09-22,33077.541666666664
2017-09-23,30198.875
2017-09-24,29657.583333333332
2017-09-25,34023.583333333336
2017-09-26,34139.875
2017-09-27,33786.416666666664
2017-09-28,34053.395833333336
2017-09-29,34287.625
2017-09-30,31516.541666666668
2017-10-01,30170.833333333332
2017-10-02,31639.104166666668
2017-10-03,33095.145833333336
2017-10-04,32762.166666666668
2017-10-05,33517.541666666664
2017-10-06,34421.520833333336
2017-10-07,30798.791666666668
2017-10-08,31360.1875
2017-10-09,33491.0625
2017-10-10,31871.854166666668
2017-10-11,32338.6875
2017-10-12,32700.645833333332
2017-10-13,31178.75
2017-10-14,30826.9375
2017-10-15,30039.833333333332
2017-10-16,33026.083333333336
2017-10-17,32648.3125
2017-10-18,33564.708333333336
2017-10-19,33426.270833333336
2017-10-20,32679.104166666668
2017-10-21,30954.416666666668
2017-10-22,30330.375
2017-10-23,33629.5625
2017-10-24,32479.145833333332
2017-10-25,31782.104166666668
2017-10-26,33682.208333333336
2017-10-27,32426.125
2017-10-28,30725.791666666668
2017-10-29,30728.895833333332
2017-10-30,35447.3125
2017-10-31,34756.958333333336
2017-11-01,36359.0625
2017-11-02,35269.270833333336
2017-11-03,33870.979166666664
2017-11-04,34006.583333333336
2017-11-05,33609.041666666664
2017-11-06,36316.854166666664
2017-11-07,35060.6875
2017-11-08,35159.4375
2017-11-09,35019.479166666664
2017-11-10,33758.375
2017-11-11,34079.625
2017-11-12,34423.104166666664
2017-11-13,38086.833333333336
2017-11-14,35813.9375
2017-11-15,35179.541666666664
2017-11-16,34225.979166666664
2017-11-17,34902.645833333336
2017-11-18,32485.979166666668
2017-11-19,34106.4375
2017-11-20,35299.333333333336
2017-11-21,34736.375
2017-11-22,35107.875
2017-11-23,35634.895833333336
2017-11-24,36608.979166666664
2017-11-25,36454.145833333336
2017-11-26,36248.166666666664
2017-11-27,37544.354166666664
2017-11-28,38301.770833333336
2017-11-29,37591.729166666664
2017-11-30,38041.479166666664
2017-12-01,37827.125
2017-12-02,35562.354166666664
2017-12-03,34225.375
2017-12-04,36695.666666666664
2017-12-05,36693.645833333336
2017-12-06,35996.5625
2017-12-07,36469.770833333336
2017-12-08,39072.354166666664
2017-12-09,37118.8125
2017-12-10,39589.1875
2017-12-11,42847.083333333336
2017-12-12,43034.145833333336
2017-12-13,41944.895833333336
2017-12-14,41975.375
2017-12-15,41183.770833333336
2017-12-16,40095.6875
2017-12-17,38653.479166666664
2017-12-18,40642.583333333336
2017-12-19,40100.041666666664
2017-12-20,38227.0
2017-12-21,37859.75
2017-12-22,36816.083333333336
2017-12-23,34312.729166666664
2017-12-24,32278.145833333332
2017-12-25,30255.8125
2017-12-26,32119.708333333332
2017-12-27,36625.854166666664
2017-12-28,37704.458333333336
2017-12-29,38333.229166666664
2017-12-30,35413.541666666664
2017-12-31,33053.104166666664
2018-01-01,33337.5
2018-01-02,39282.229166666664
2018-01-03,39750.958333333336
2018-01-04,40728.5
2018-01-05,40915.395833333336
2018-01-06,38793.666666666664
2018-01-07,38113.958333333336
2018-01-08,43406.9375
2018-01-09,43230.416666666664
2018-01-10,41864.25
2018-01-11,42103.458333333336
2018-01-12,42190.416666666664
2018-01-13,38250.729166666664
2018-01-14,37745.0
2018-01-15,40680.0625
2018-01-16,42035.854166666664
2018-01-17,42609.354166666664
2018-01-18,42439.354166666664
2018-01-19,42424.3125
2018-01-20,39598.833333333336
2018-01-21,39670.3125
2018-01-22,40803.125
2018-01-23,39860.145833333336
2018-01-24,40032.458333333336
2018-01-25,40502.125
2018-01-26,40720.145833333336
2018-01-27,36848.416666666664
2018-01-28,35079.708333333336
2018-01-29,38858.895833333336
2018-01-30,40920.791666666664
2018-01-31,40703.479166666664
2018-02-01,41391.9375
2018-02-02,40805.395833333336
2018-02-03,39261.145833333336
2018-02-04,37895.625
2018-02-05,42729.916666666664
2018-02-06,43013.875
2018-02-07,42570.1875
2018-02-08,41269.625
2018-02-09,41496.75
2018-02-10,38632.208333333336
2018-02-11,36955.208333333336
2018-02-12,41697.395833333336
2018-02-13,42100.791666666664
2018-02-14,42460.916666666664
2018-02-15,40438.979166666664
2018-02-16,40624.895833333336
2018-02-17,37005.75
2018-02-18,36926.333333333336
2018-02-19,39680.541666666664
2018-02-20,38731.854166666664
2018-02-21,40797.979166666664
2018-02-22,41740.166666666664
2018-02-23,42189.375
2018-02-24,38102.75
2018-02-25,38179.291666666664
2018-02-26,43174.4375
2018-02-27,42257.770833333336
2018-02-28,42665.083333333336
2018-03-01,45194.645833333336
2018-03-02,45213.104166666664
2018-03-03,41835.416666666664
2018-03-04,39698.25
2018-03-05,42081.958333333336
2018-03-06,41353.5
2018-03-07,41230.0
2018-03-08,40873.895833333336
2018-03-09,40548.625
2018-03-10,36147.354166666664
2018-03-11,34607.770833333336
2018-03-12,39497.916666666664
2018-03-13,39648.25
2018-03-14,38739.833333333336
2018-03-15,38571.125
2018-03-16,37622.1875
2018-03-17,37675.625
2018-03-18,39073.208333333336
2018-03-19,42350.208333333336
2018-03-20,41985.625
2018-03-21,39721.229166666664
2018-03-22,37313.0625
2018-03-23,36739.604166666664
2018-03-24,35555.9375
2018-03-25,33872.479166666664
2018-03-26,37786.854166666664
2018-03-27,38206.208333333336
2018-03-28,39009.979166666664
2018-03-29,38662.0
2018-03-30,35924.979166666664
2018-03-31,34317.875
2018-04-01,34153.104166666664
2018-04-02,34986.9375
2018-04-03,37058.9375
2018-04-04,37897.291666666664
2018-04-05,37478.875
2018-04-06,36098.375
2018-04-07,33296.4375
2018-04-08,32596.5625
2018-04-09,36820.6875
2018-04-10,37837.083333333336
2018-04-11,37610.0625
2018-04-12,38180.4375
2018-04-13,37256.854166666664
2018-04-14,33302.0625
2018-04-15,32744.229166666668
2018-04-16,35233.395833333336
2018-04-17,34544.208333333336
2018-04-18,34424.270833333336
2018-04-19,33986.520833333336
2018-04-20,33361.8125
2018-04-21,30101.458333333332
2018-04-22,29240.6875
2018-04-23,32632.0625
2018-04-24,34231.6875
2018-04-25,34289.270833333336
2018-04-26,33812.708333333336
2018-04-27,35374.875
2018-04-28,32775.104166666664
2018-04-29,31803.8125
2018-04-30,35981.375
2018-05-01,35272.270833333336
2018-05-02,35366.25
2018-05-03,35065.5
2018-05-04,33968.270833333336
2018-05-05,30249.375
2018-05-06,28438.958333333332
2018-05-07,29619.833333333332
2018-05-08,33448.125
2018-05-09,33650.583333333336
2018-05-10,33479.104166666664
2018-05-11,32646.3125
2018-05-12,31161.958333333332
2018-05-13,30081.104166666668
2018-05-14,32449.895833333332
2018-05-15,32820.6875
2018-05-16,32377.083333333332
2018-05-17,33507.875
2018-05-18,32958.958333333336
2018-05-19,29212.916666666668
2018-05-20,28633.208333333332
2018-05-21,33035.0625
2018-05-22,32182.041666666668
2018-05-23,33227.541666666664
2018-05-24,33846.854166666664
2018-05-25,33197.979166666664
2018-05-26,28697.145833333332
2018-05-27,27394.145833333332
2018-05-28,28720.5
2018-05-29,31863.333333333332
2018-05-30,32520.375
2018-05-31,32497.083333333332
2018-06-01,32480.791666666668
2018-06-02,29837.875
2018-06-03,29048.916666666668
2018-06-04,33033.625
2018-06-05,32632.208333333332
2018-06-06,32727.4375
2018-06-07,32904.6875
2018-06-08,32319.5625
2018-06-09,29010.854166666668
2018-06-10,28917.5625
2018-06-11,32222.916666666668
2018-06-12,32746.875
2018-06-13,32057.3125
2018-06-14,30991.0625
2018-06-15,31942.291666666668
2018-06-16,29345.791666666668
2018-06-17,28504.708333333332
2018-06-18,31882.75
2018-06-19,32656.5625
2018-06-20,31702.770833333332
2018-06-21,31157.354166666668
2018-06-22,31194.645833333332
2018-06-23,28402.6875
2018-06-24,27832.25
2018-06-25,32273.583333333332
2018-06-26,32987.875
2018-06-27,32424.166666666668
2018-06-28,31563.604166666668
2018-06-29,31897.104166666668
2018-06-30,29330.166666666668
2018-07-01,29153.4375
2018-07-02,32303.166666666668
2018-07-03,32419.041666666668
2018-07-04,32747.375
2018-07-05,33854.229166666664
2018-07-06,32713.25
2018-07-07,30486.9375
2018-07-08,29906.541666666668
2018-07-09,33990.895833333336
2018-07-10,33725.541666666664
2018-07-11,33370.6875
2018-07-12,33513.25
2018-07-13,32846.041666666664
2018-07-14,30036.375
2018-07-15,29541.625
2018-07-16,33719.979166666664
2018-07-17,33321.604166666664
2018-07-18,33511.5
2018-07-19,33741.666666666664
2018-07-20,32718.333333333332
2018-07-21,29599.541666666668
2018-07-22,29202.1875
2018-07-23,33779.4375
2018-07-24,33410.958333333336
2018-07-25,33435.895833333336
2018-07-26,33792.979166666664
2018-07-27,32500.75
2018-07-28,26438.041666666668
2018-07-29,26149.791666666668
2018-07-30,31935.854166666668
2018-07-31,32192.3125
2018-08-01,31841.6875
2018-08-02,32400.416666666668
2018-08-03,31977.270833333332
2018-08-04,29504.770833333332
2018-08-05,28781.354166666668
2018-08-06,31380.770833333332
2018-08-07,31807.5625
2018-08-08,32276.1875
2018-08-09,32548.1875
2018-08-10,31525.625
2018-08-11,29025.520833333332
2018-08-12,28426.5
2018-08-13,32206.916666666668
2018-08-14,32034.291666666668
2018-08-15,32182.020833333332
2018-08-16,32300.0625
2018-08-17,31811.583333333332
2018-08-18,28295.5
2018-08-19,28166.958333333332
2018-08-20,32019.145833333332
2018-08-21,32087.541666666668
2018-08-22,32124.0625
2018-08-23,31850.854166666668
2018-08-24,30910.854166666668
2018-08-25,28220.0625
2018-08-26,28277.958333333332
2018-08-27,26847.791666666668
2018-08-28,31614.0
2018-08-29,32118.0625
2018-08-30,32342.208333333332
2018-08-31,31559.083333333332
2018-09-01,29185.4375
2018-09-02,28504.3125
2018-09-03,31353.8125
2018-09-04,31481.479166666668
2018-09-05,31999.520833333332
2018-09-06,31936.958333333332
2018-09-07,31253.854166666668
2018-09-08,29217.708333333332
2018-09-09,27628.0625
2018-09-10,31031.666666666668
2018-09-11,31334.6875
2018-09-12,32722.020833333332
2018-09-13,31367.666666666668
2018-09-14,31212.625
2018-09-15,30096.166666666668
2018-09-16,27100.375
2018-09-17,31728.604166666668
2018-09-18,31075.333333333332
2018-09-19,31238.479166666668
2018-09-20,32744.4375
2018-09-21,30678.479166666668
2018-09-22,30488.229166666668
2018-09-23,30950.3125
2018-09-24,34019.208333333336
2018-09-25,34625.5625
2018-09-26,33637.416666666664
2018-09-27,33660.5
2018-09-28,33292.5625
2018-09-29,29941.166666666668
2018-09-30,30263.375
2018-10-01,34093.0625
2018-10-02,31958.75
2018-10-03,34076.583333333336
2018-10-04,33232.75
2018-10-05,33595.520833333336
2018-10-06,31218.666666666668
2018-10-07,31004.333333333332
2018-10-08,33478.458333333336
2018-10-09,32597.0625
2018-10-10,34580.041666666664
2018-10-11,33259.625
2018-10-12,32554.6875
2018-10-13,29193.208333333332
2018-10-14,30679.520833333332
2018-10-15,34226.083333333336
2018-10-16,33879.354166666664
2018-10-17,33374.770833333336
2018-10-18,34831.083333333336
2018-10-19,33503.395833333336
2018-10-20,31629.166666666668
2018-10-21,30555.395833333332
2018-10-22,34270.520833333336
2018-10-23,33925.375
2018-10-24,33411.0
2018-10-25,34035.770833333336
2018-10-26,33995.5
2018-10-27,33415.291666666664
2018-10-28,33561.875
2018-10-29,37584.0625
2018-10-30,37323.166666666664
2018-10-31,36909.354166666664
2018-11-01,38040.166666666664
2018-11-02,37018.5625
2018-11-03,32314.625
2018-11-04,33004.520833333336
2018-11-05,35634.645833333336
2018-11-06,36220.104166666664
2018-11-07,36360.583333333336
2018-11-08,36419.416666666664
2018-11-09,37112.791666666664
2018-11-10,33507.333333333336
2018-11-11,33727.5
2018-11-12,35385.0625
2018-11-13,36498.458333333336
2018-11-14,36307.291666666664
2018-11-15,36951.9375
2018-11-16,37036.145833333336
2018-11-17,34631.791666666664
2018-11-18,34394.645833333336
2018-11-19,36343.208333333336
2018-11-20,37607.604166666664
2018-11-21,37492.083333333336
2018-11-22,38728.3125
2018-11-23,37270.3125
2018-11-24,36302.958333333336
2018-11-25,36283.5
2018-11-26,38434.645833333336
2018-11-27,39161.479166666664
2018-11-28,39300.895833333336
2018-11-29,37730.354166666664
2018-11-30,36039.145833333336
2018-12-01,35357.5625
2018-12-02,32928.291666666664
2018-12-03,36615.520833333336
2018-12-04,39981.729166666664
2018-12-05,40127.5625
2018-12-06,38588.729166666664
2018-12-07,37250.479166666664
2018-12-08,34390.5625
2018-12-09,34827.270833333336
2018-12-10,39473.9375
2018-12-11,40417.979166666664
2018-12-12,37585.854166666664
2018-12-13,39528.375
2018-12-14,35206.40625
2018-12-15,34237.583333333336
2018-12-16,37347.166666666664
2018-12-17,40064.270833333336
2018-12-18,39203.729166666664
2018-12-19,40284.375
2018-12-20,39598.395833333336
2018-12-21,37595.708333333336
2018-12-22,34122.958333333336
2018-12-23,34059.395833333336
2018-12-24,35051.479166666664
2018-12-25,32494.520833333332
2018-12-26,30862.416666666668
2018-12-27,33921.5625
2018-12-28,34346.875
2018-12-29,32066.520833333332
2018-12-30,31835.3125
2018-12-31,32225.125
2019-01-01,30592.25
2019-01-02,37440.0625
2019-01-03,39138.75
2019-01-04,39922.395833333336
2019-01-05,37383.0
2019-01-06,35323.25
2019-01-07,37453.1875
2019-01-08,38627.395833333336
2019-01-09,40233.291666666664
2019-01-10,39064.708333333336
2019-01-11,38832.3125
2019-01-12,35547.666666666664
2019-01-13,34133.833333333336
2019-01-14,38782.729166666664
2019-01-15,38517.625
2019-01-16,38754.375
2019-01-17,40088.604166666664
2019-01-18,41494.0
2019-01-19,38140.25
2019-01-20,37862.1875
2019-01-21,39643.895833333336
2019-01-22,40273.25
2019-01-23,40660.333333333336
2019-01-24,40840.229166666664
2019-01-25,37632.354166666664
2019-01-26,35202.895833333336
2019-01-27,35269.9375
2019-01-28,40789.4375
2019-01-29,42223.583333333336
2019-01-30,42164.791666666664
2019-01-31,43807.5
2019-02-01,42558.625
2019-02-02,38841.4375
2019-02-03,38789.9375
2019-02-04,39791.083333333336
2019-02-05,41266.770833333336
2019-02-06,40521.291666666664
2019-02-07,40377.3125
2019-02-08,39455.854166666664
2019-02-09,35563.9375
2019-02-10,36097.104166666664
2019-02-11,39830.125
2019-02-12,39940.458333333336
2019-02-13,39918.145833333336
2019-02-14,40316.583333333336
2019-02-15,39723.125
2019-02-16,34653.666666666664
2019-02-17,32784.645833333336
2019-02-18,37519.958333333336
2019-02-19,39747.354166666664
2019-02-20,38890.25
2019-02-21,38875.229166666664
2019-02-22,38340.520833333336
2019-02-23,34803.291666666664
2019-02-24,34822.208333333336
2019-02-25,38312.416666666664
2019-02-26,37693.9375
2019-02-27,37372.458333333336
2019-02-28,37528.625
2019-03-01,38467.520833333336
2019-03-02,34144.395833333336
2019-03-03,33104.541666666664
2019-03-04,37664.395833333336
2019-03-05,38541.458333333336
2019-03-06,39203.4375
2019-03-07,38895.1875
2019-03-08,39380.375
2019-03-09,34116.5
2019-03-10,35467.458333333336
2019-03-11,39081.979166666664
2019-03-12,40241.0625
2019-03-13,39098.708333333336
2019-03-14,38117.1875
2019-03-15,37492.645833333336
2019-03-16,35349.541666666664
2019-03-17,34754.104166666664
2019-03-18,37949.020833333336
2019-03-19,38507.75
2019-03-20,36333.1875
2019-03-21,37293.770833333336
2019-03-22,36738.375
2019-03-23,33719.583333333336
2019-03-24,32328.75
2019-03-25,36451.291666666664
2019-03-26,37484.666666666664
2019-03-27,37505.479166666664
2019-03-28,35713.270833333336
2019-03-29,35922.0
2019-03-30,33026.9375
2019-03-31,31666.145833333332
2019-04-01,35264.1875
2019-04-02,38939.791666666664
2019-04-03,38709.3125
2019-04-04,38152.0
2019-04-05,35794.8125
2019-04-06,33755.0
2019-04-07,32617.541666666668
2019-04-08,34706.895833333336
2019-04-09,35267.1875
2019-04-10,35712.25
2019-04-11,36026.083333333336
2019-04-12,36482.416666666664
2019-04-13,33419.895833333336
2019-04-14,33019.9375
2019-04-15,35647.270833333336
2019-04-16,35310.416666666664
2019-04-17,34045.25
2019-04-18,33320.0625
2019-04-19,29708.6875
2019-04-20,28055.833333333332
2019-04-21,26833.0
2019-04-22,28388.041666666668
2019-04-23,31739.479166666668
2019-04-24,32820.770833333336
2019-04-25,33237.1875
2019-04-26,33239.791666666664
2019-04-27,30988.666666666668
2019-04-28,31106.583333333332
2019-04-29,35561.104166666664
2019-04-30,34929.666666666664
2019-05-01,34654.5625
2019-05-02,34683.395833333336
2019-05-03,35632.708333333336
2019-05-04,30661.354166666668
2019-05-05,31102.104166666668
2019-05-06,31877.270833333332
2019-05-07,34738.979166666664
2019-05-08,35563.520833333336
2019-05-09,34853.291666666664
2019-05-10,35315.375
2019-05-11,31118.354166666668
2019-05-12,30564.25
2019-05-13,31800.3125
2019-05-14,31771.020833333332
2019-05-15,33919.708333333336
2019-05-16,33594.833333333336
2019-05-17,33977.864583333336
2019-05-18,30982.0
2019-05-19,30502.354166666668
2019-05-20,31500.34375
2019-05-21,30456.229166666668
2019-05-22,33078.520833333336
2019-05-23,32738.833333333332
2019-05-24,31944.708333333332
2019-05-25,28644.791666666668
2019-05-26,26738.083333333332
2019-05-27,28377.75
2019-05-28,32376.708333333332
2019-05-29,33723.4375
2019-05-30,32644.0625
2019-05-31,31721.541666666668
2019-06-01,29165.833333333332
2019-06-02,27196.854166666668
2019-06-03,29935.229166666668
2019-06-04,32854.0
2019-06-05,32246.166666666668
2019-06-06,32263.166666666668
2019-06-07,32286.458333333332
2019-06-08,28535.208333333332
2019-06-09,28568.0625
2019-06-10,33128.75
2019-06-11,32134.479166666668
2019-06-12,34063.875
2019-06-13,19841.833333333332
2019-06-14,33463.375
2019-06-15,30055.8125
2019-06-16,28862.041666666668
2019-06-17,31540.75
2019-06-18,32675.083333333332
2019-06-19,32783.208333333336
2019-06-20,30894.75
2019-06-21,31528.8125
2019-06-22,29036.708333333332
2019-06-23,26974.166666666668
2019-06-24,31776.9375
2019-06-25,31738.479166666668
2019-06-26,32158.270833333332
2019-06-27,32754.958333333332
2019-06-28,31172.9375
2019-06-29,29749.416666666668
2019-06-30,26400.770833333332
2019-07-01,30617.1875
2019-07-02,32205.9375
2019-07-03,32206.916666666668
2019-07-04,31863.5
2019-07-05,31626.395833333332
2019-07-06,28539.979166666668
2019-07-07,27944.041666666668
2019-07-08,31495.5
2019-07-09,32210.145833333332
2019-07-10,33147.958333333336
2019-07-11,31695.5625
2019-07-12,32642.125
2019-07-13,29250.395833333332
2019-07-14,28592.208333333332
2019-07-15,32427.979166666668
2019-07-16,32933.583333333336
2019-07-17,32218.416666666668
2019-07-18,31738.604166666668
2019-07-19,30868.104166666668
2019-07-20,28217.4375
2019-07-21,27815.791666666668
2019-07-22,29785.166666666668
2019-07-23,31516.895833333332
2019-07-24,24892.25
2019-07-25,26429.458333333332
2019-07-26,31434.604166666668
2019-07-27,28912.645833333332
2019-07-28,27884.145833333332
2019-07-29,30499.708333333332
2019-07-30,30589.729166666668
2019-07-31,30123.416666666668
2019-08-01,30399.229166666668
2019-08-02,30272.875
2019-08-03,29086.125
2019-08-04,28490.395833333332
2019-08-05,31928.666666666668
2019-08-06,31018.8125
2019-08-07,30486.041666666668
2019-08-08,31269.291666666668
2019-08-09,30323.541666666668
2019-08-10,26705.458333333332
2019-08-11,26255.166666666668
2019-08-12,31199.375
2019-08-13,31881.458333333332
2019-08-14,32460.666666666668
2019-08-15,31200.645833333332
2019-08-16,30783.875
2019-08-17,25657.083333333332
2019-08-18,24685.708333333332
2019-08-19,30077.291666666668
2019-08-20,31586.0625
2019-08-21,32390.291666666668
2019-08-22,31123.6875
2019-08-23,31471.0
2019-08-24,28650.145833333332
2019-08-25,28167.1875
2019-08-26,27173.833333333332
2019-08-27,31192.791666666668
2019-08-28,29861.666666666668
2019-08-29,29249.833333333332
2019-08-30,28629.083333333332
2019-08-31,26341.5
2019-09-01,26054.916666666668
2019-09-02,30524.604166666668
2019-09-03,30713.458333333332
2019-09-04,30409.208333333332
2019-09-05,30768.354166666668
2019-09-06,30189.4375
2019-09-07,27872.75
2019-09-08,28139.916666666668
2019-09-09,32335.854166666668
2019-09-10,32890.729166666664
2019-09-11,31508.208333333332
2019-09-12,32093.4375
2019-09-13,31505.0625
2019-09-14,28314.0
2019-09-15,27535.083333333332
2019-09-16,31851.520833333332
2019-09-17,31189.083333333332
2019-09-18,32459.375
2019-09-19,32240.979166666668
2019-09-20,31020.479166666668
2019-09-21,27372.416666666668
2019-09-22,28889.8125
2019-09-23,29434.625
2019-09-24,30828.354166666668
2019-09-25,32284.583333333332
2019-09-26,31007.979166666668
2019-09-27,31728.104166666668
2019-09-28,28843.770833333332
2019-09-29,29395.3125
2019-09-30,33073.833333333336
2019-10-01,31527.041666666668
2019-10-02,32558.8125
2019-10-03,34164.770833333336
2019-10-04,32381.1875
2019-10-05,31634.479166666668
2019-10-06,29442.5625
2019-10-07,32095.354166666668
2019-10-08,31165.458333333332
2019-10-09,32743.1875
2019-10-10,33096.625
2019-10-11,33076.708333333336
2019-10-12,31767.3125
2019-10-13,31403.520833333332
2019-10-14,35276.416666666664
2019-10-15,34718.645833333336
2019-10-16,34351.354166666664
2019-10-17,33769.3125
2019-10-18,34154.9375
2019-10-19,32397.0625
2019-10-20,31584.625
2019-10-21,33141.75
2019-10-22,33545.854166666664
2019-10-23,34776.5
2019-10-24,35786.875
2019-10-25,35661.5
2019-10-26,33196.0625
2019-10-27,31647.375
2019-10-28,37329.645833333336
2019-10-29,36448.645833333336
2019-10-30,33930.020833333336
2019-10-31,35555.354166666664
2019-11-01,37199.229166666664
2019-11-02,33927.229166666664
2019-11-03,33462.4375
2019-11-04,37847.416666666664
2019-11-05,36474.041666666664
2019-11-06,37127.9375
2019-11-07,38699.9375
2019-11-08,37785.291666666664
2019-11-09,38113.875
2019-11-10,36036.875
2019-11-11,38594.895833333336
2019-11-12,38960.270833333336
2019-11-13,39560.666666666664
2019-11-14,38868.375
2019-11-15,37801.291666666664
2019-11-16,36376.9375
2019-11-17,36391.854166666664
2019-11-18,38408.6875
2019-11-19,39115.416666666664
2019-11-20,37749.916666666664
2019-11-21,39652.0625
2019-11-22,39947.104166666664
2019-11-23,35780.0
2019-11-24,35994.604166666664
2019-11-25,38464.3125
2019-11-26,38025.75
2019-11-27,38990.291666666664
2019-11-28,38526.354166666664
2019-11-29,40081.041666666664
2019-11-30,39251.666666666664
2019-12-01,37664.3125
2019-12-02,40264.666666666664
2019-12-03,39166.604166666664
2019-12-04,37964.25
2019-12-05,37070.125
2019-12-06,35835.041666666664
2019-12-07,33989.1875
2019-12-08,31669.958333333332
2019-12-09,38156.958333333336
2019-12-10,38814.229166666664
2019-12-11,38276.0625
2019-12-12,40772.666666666664
2019-12-13,40294.416666666664
2019-12-14,36822.333333333336
2019-12-15,36417.916666666664
2019-12-16,40035.395833333336
2019-12-17,40799.583333333336
2019-12-18,41660.979166666664
2019-12-19,37900.729166666664
2019-12-20,37862.791666666664
2019-12-21,35358.0625
2019-12-22,35676.625
2019-12-23,36471.270833333336
2019-12-24,35541.854166666664
2019-12-25,32453.104166666668
2019-12-26,32033.770833333332
2019-12-27,35599.229166666664
2019-12-28,33938.666666666664
2019-12-29,32793.333333333336
2019-12-30,34062.895833333336
2019-12-31,35291.3125
2020-01-01,33715.479166666664
2020-01-02,34143.770833333336
2020-01-03,36374.458333333336
2020-01-04,33860.8125
2020-01-05,33677.041666666664
2020-01-06,35366.8125
2020-01-07,36553.645833333336
2020-01-08,35218.166666666664
2020-01-09,36804.979166666664
2020-01-10,37857.958333333336
2020-01-11,33093.666666666664
2020-01-12,34022.479166666664
2020-01-13,37108.645833333336
2020-01-14,36926.083333333336
2020-01-15,37929.229166666664
2020-01-16,37356.229166666664
2020-01-17,38495.854166666664
2020-01-18,35843.020833333336
2020-01-19,37657.25
2020-01-20,38522.604166666664
2020-01-21,38635.333333333336
2020-01-22,37650.145833333336
2020-01-23,36047.1875
2020-01-24,36208.791666666664
2020-01-25,36082.166666666664
2020-01-26,34474.083333333336
2020-01-27,38605.854166666664
2020-01-28,40736.979166666664
2020-01-29,39123.4375
2020-01-30,38928.604166666664
2020-01-31,37328.479166666664
2020-02-01,32226.166666666668
2020-02-02,34129.479166666664
2020-02-03,36628.375
2020-02-04,38738.8125
2020-02-05,39734.145833333336
2020-02-06,40779.979166666664
2020-02-07,39199.583333333336
2020-02-08,34101.104166666664
2020-02-09,34822.583333333336
2020-02-10,38795.083333333336
2020-02-11,40884.604166666664
2020-02-12,39919.520833333336
2020-02-13,40157.875
2020-02-14,38417.5625
2020-02-15,35189.895833333336
2020-02-16,33521.020833333336
2020-02-17,38446.291666666664
2020-02-18,39068.8125
2020-02-19,39687.229166666664
2020-02-20,38196.166666666664
2020-02-21,38374.125
2020-02-22,34082.75
2020-02-23,34418.1875
2020-02-24,39581.5625
2020-02-25,40239.854166666664
2020-02-26,40587.895833333336
2020-02-27,39556.895833333336
2020-02-28,41187.364583333336
2020-02-29,35262.5625
2020-03-01,34551.4375
2020-03-02,39753.041666666664
2020-03-03,39175.875
2020-03-04,40085.5625
2020-03-05,40288.895833333336
2020-03-06,40215.25
2020-03-07,35640.3125
2020-03-08,32877.9375
2020-03-09,37765.458333333336
2020-03-10,37138.625
2020-03-11,37592.208333333336
2020-03-12,38199.645833333336
2020-03-13,38333.208333333336
2020-03-14,34795.0625
2020-03-15,32960.104166666664
2020-03-16,37376.125
2020-03-17,36613.395833333336
2020-03-18,37733.645833333336
2020-03-19,38491.833333333336
2020-03-20,37352.854166666664
2020-03-21,32672.708333333332
2020-03-22,33127.75
2020-03-23,36620.125
2020-03-24,34497.708333333336
2020-03-25,32811.583333333336
2020-03-26,32386.208333333332
2020-03-27,32388.041666666668
2020-03-28,28874.916666666668
2020-03-29,30059.0625
2020-03-30,34905.479166666664
2020-03-31,34589.4375
2020-04-01,34421.395833333336
2020-04-02,32116.791666666668
2020-04-03,32268.4375
2020-04-04,29929.479166666668
2020-04-05,24719.9375
2020-04-06,28174.395833333332
2020-04-07,29696.770833333332
2020-04-08,29089.854166666668
2020-04-09,29071.395833333332
2020-04-10,27569.375
2020-04-11,26341.729166666668
2020-04-12,26145.833333333332
2020-04-13,26023.25
2020-04-14,30330.104166666668
2020-04-15,29569.5625
2020-04-16,29391.25
2020-04-17,28103.145833333332
2020-04-18,28577.354166666668
2020-04-19,26489.979166666668
2020-04-20,25429.479166666668
2020-04-21,25382.104166666668
2020-04-22,27081.541666666668
2020-04-23,28689.875
2020-04-24,28370.895833333332
2020-04-25,27132.0625
2020-04-26,26912.729166666668
2020-04-27,29299.604166666668
2020-04-28,30667.958333333332
2020-04-29,31183.833333333332
2020-04-30,30473.229166666668
2020-05-01,29811.5
2020-05-02,27355.625
2020-05-03,27994.020833333332
2020-05-04,30087.9375
2020-05-05,29914.125
2020-05-06,30549.729166666668
2020-05-07,29075.541666666668
2020-05-08,27107.1875
2020-05-09,26167.520833333332
2020-05-10,23956.208333333332
2020-05-11,27574.708333333332
2020-05-12,30504.8125
2020-05-13,30297.5625
2020-05-14,30479.375
2020-05-15,29737.145833333332
2020-05-16,27301.875
2020-05-17,26418.583333333332
2020-05-18,27533.979166666668
2020-05-19,29511.458333333332
2020-05-20,29581.958333333332
2020-05-21,28856.395833333332
2020-05-22,22498.916666666668
2020-05-23,20450.854166666668
2020-05-24,23065.791666666668
2020-05-25,25141.5
2020-05-26,28765.833333333332
2020-05-27,28941.770833333332
2020-05-28,29632.979166666668
2020-05-29,28799.625
2020-05-30,25329.833333333332
2020-05-31,25363.125
2020-06-01,29049.5
2020-06-02,27862.354166666668
2020-06-03,27213.729166666668
2020-06-04,28320.416666666668
2020-06-05,27321.979166666668
2020-06-06,24613.020833333332
2020-06-07,26814.333333333332
2020-06-08,28446.875
2020-06-09,28090.625
2020-06-10,29453.25
2020-06-11,29261.166666666668
2020-06-12,28851.791666666668
2020-06-13,26981.979166666668
2020-06-14,27163.520833333332
2020-06-15,29035.5625
2020-06-16,26140.333333333332
2020-06-17,26826.25
2020-06-18,28048.8125
2020-06-19,28482.833333333332
2020-06-20,26761.9375
2020-06-21,24002.9375
2020-06-22,28707.1875
2020-06-23,26436.604166666668
2020-06-24,25150.770833333332
2020-06-25,26130.083333333332
2020-06-26,27145.3125
2020-06-27,25675.208333333332
2020-06-28,20619.375
2020-06-29,25363.5625
2020-06-30,26750.0
2020-07-01,27038.708333333332
2020-07-02,25598.083333333332
2020-07-03,26323.479166666668
2020-07-04,24857.083333333332
2020-07-05,22627.5625
2020-07-06,27655.291666666668
2020-07-07,28077.416666666668
2020-07-08,26504.625
2020-07-09,26263.125
2020-07-10,26784.041666666668
2020-07-11,27061.583333333332
2020-07-12,27190.666666666668
2020-07-13,27013.5625
2020-07-14,27116.833333333332
2020-07-15,25856.458333333332
2020-07-16,26684.479166666668
2020-07-17,26797.333333333332
2020-07-18,27474.291666666668
2020-07-19,26553.9375
2020-07-20,26885.604166666668
2020-07-21,26828.729166666668
2020-07-22,24270.0625
2020-07-23,25933.708333333332
2020-07-24,27775.166666666668
2020-07-25,26873.083333333332
2020-07-26,25397.041666666668
2020-07-27,27436.75
2020-07-28,26547.916666666668
2020-07-29,27892.8125
2020-07-30,27556.958333333332
2020-07-31,27468.541666666668
2020-08-01,27528.3125
2020-08-02,26429.416666666668
2020-08-03,28225.208333333332
2020-08-04,27162.583333333332
2020-08-05,27743.229166666668
2020-08-06,30434.25
2020-08-07,29197.0
2020-08-08,28751.895833333332
2020-08-09,27912.9375
2020-08-10,30127.666666666668
2020-08-11,31160.0
2020-08-12,32273.791666666668
2020-08-13,30107.25
2020-08-14,29969.458333333332
2020-08-15,28570.0625
2020-08-16,28601.083333333332
2020-08-17,30783.625
2020-08-18,29759.958333333332
2020-08-19,30824.9375
2020-08-20,29018.354166666668
2020-08-21,28440.125
2020-08-22,25213.25
2020-08-23,26865.958333333332
2020-08-24,29546.416666666668
2020-08-25,28878.0
2020-08-26,29316.0625
2020-08-27,30598.333333333332
2020-08-28,29687.770833333332
2020-08-29,27189.395833333332
2020-08-30,27760.604166666668
2020-08-31,26580.9375
2020-09-01,28971.666666666668
2020-09-02,29062.145833333332
2020-09-03,29846.291666666668
2020-09-04,29703.125
2020-09-05,27292.75
2020-09-06,28644.6875
2020-09-07,30322.770833333332
2020-09-08,30400.666666666668
2020-09-09,28800.791666666668
2020-09-10,28960.520833333332
2020-09-11,27852.479166666668
2020-09-12,26687.416666666668
2020-09-13,26408.083333333332
2020-09-14,29123.875
2020-09-15,28736.1875
2020-09-16,28076.666666666668
2020-09-17,29688.270833333332
2020-09-18,30004.125
2020-09-19,28473.416666666668
2020-09-20,28505.145833333332
2020-09-21,28510.395833333332
2020-09-22,28564.541666666668
2020-09-23,30783.416666666668
2020-09-24,32507.583333333332
2020-09-25,30705.25
2020-09-26,28781.541666666668
2020-09-27,30182.75
2020-09-28,32579.020833333332
2020-09-29,32746.041666666668
2020-09-30,31465.191489361703
