time,cloud_cover,sunshine,global_radiation,max_temp,mean_temp,min_temp,precipitation
2015-01-21,7.0,0.0,16.0,4.3,-0.5,-5.2,0.2
2015-01-22,2.0,0.5,24.0,8.5,2.2,0.0,0.0
2015-01-23,2.0,5.2,56.0,7.4,2.1,-4.4,2.8
2015-01-24,1.0,6.7,64.0,9.2,0.8,-5.9,0.2
2015-01-25,5.0,0.0,17.0,9.9,3.9,-1.4,0.0
2015-01-26,5.0,0.0,17.0,9.8,5.9,1.9,0.2
2015-01-27,5.0,3.6,49.0,10.7,6.1,2.3,0.0
2015-01-28,5.0,0.0,18.0,7.4,7.7,4.7,1.0
2015-01-29,2.0,0.0,18.0,6.7,4.4,1.4,1.6
2015-01-30,4.0,0.0,19.0,5.2,3.9,1.1,2.0
2015-01-31,5.0,0.0,19.0,5.6,2.3,-0.7,1.4
2015-02-01,5.0,0.0,19.0,2.6,3.2,0.8,0.0
2015-02-02,1.0,0.0,20.0,4.4,-0.2,-3.0,0.0
2015-02-03,5.0,0.5,28.0,4.5,1.8,-0.8,0.0
2015-02-04,5.0,1.5,39.0,5.1,1.3,-1.9,0.2
2015-02-05,5.0,0.0,21.0,5.4,3.2,1.3,0.0
2015-02-06,2.0,5.2,68.0,5.4,2.6,-0.3,0.2
2015-02-07,5.0,0.0,21.0,8.9,2.7,-0.1,0.0
2015-02-08,2.0,6.2,76.0,9.9,5.2,1.5,0.0
2015-02-09,4.0,4.5,66.0,6.9,5.0,0.1,0.0
2015-02-10,8.0,0.0,23.0,5.4,5.4,3.9,0.0
2015-02-11,8.0,0.0,23.0,7.6,4.9,4.3,0.0
2015-02-12,7.0,0.0,24.0,9.2,5.7,3.8,0.2
2015-02-13,7.0,0.0,24.0,8.7,5.3,1.3,7.0
2015-02-14,7.0,0.3,31.0,9.5,6.3,3.9,0.2
2015-02-15,4.0,2.1,52.0,8.6,7.3,5.0,0.2
2015-02-16,6.0,0.0,25.0,9.2,4.2,-0.2,5.6
2015-02-17,1.0,9.0,106.0,10.7,5.7,2.1,0.0
2015-02-18,2.0,8.7,106.0,8.7,5.4,0.0,0.0
2015-02-19,6.0,0.8,41.0,7.2,6.4,4.0,6.4
2015-02-20,5.0,0.5,38.0,7.8,5.8,4.4,1.8
2015-02-21,5.0,3.2,68.0,10.1,4.6,1.3,0.2
2015-02-22,3.0,1.6,53.0,8.7,4.0,-2.1,6.4
2015-02-23,3.0,4.1,78.0,9.7,5.2,1.6,1.2
2015-02-24,3.0,4.9,86.0,12.3,6.5,3.3,2.0
2015-02-25,6.0,2.3,63.0,11.4,8.5,4.6,0.6
2015-02-26,6.0,0.0,30.0,9.9,9.3,7.1,4.6
2015-02-27,2.0,8.5,118.0,11.1,4.8,-0.4,0.0
2015-02-28,8.0,0.0,31.0,11.7,7.3,3.5,1.8
2015-03-01,3.0,5.3,105.0,9.0,9.2,6.7,3.2
2015-03-02,1.0,7.7,128.0,9.9,5.8,2.5,0.0
2015-03-03,2.0,5.7,111.0,10.9,6.3,2.7,0.0
2015-03-04,1.0,6.7,122.0,12.6,6.2,1.5,0.0
2015-03-05,3.0,7.5,131.0,13.2,6.1,-0.5,0.0
2015-03-06,3.0,7.8,135.0,16.0,8.7,4.2,0.0
2015-03-07,0.0,9.2,150.0,12.8,11.0,5.9,0.0
2015-03-08,4.0,3.1,90.0,10.6,9.7,6.5,0.2
2015-03-09,5.0,1.5,70.0,12.5,5.8,1.0,0.0
2015-03-10,0.0,9.1,154.0,13.9,7.9,3.2,0.0
2015-03-11,4.0,5.6,122.0,14.6,8.4,2.8,0.0
2015-03-12,3.0,7.0,138.0,11.6,9.8,4.9,0.0
2015-03-13,2.0,1.1,68.0,8.7,9.7,7.8,0.0
2015-03-14,5.0,3.7,105.0,7.3,5.8,2.8,0.0
2015-03-15,7.0,0.0,43.0,8.3,6.1,4.9,2.0
2015-03-16,6.0,0.0,44.0,12.7,6.3,4.3,0.8
2015-03-17,1.0,2.3,90.0,11.4,8.4,4.0,0.0
2015-03-18,2.0,8.7,165.0,7.9,7.4,3.4,0.0
2015-03-19,8.0,0.0,46.0,12.1,6.6,5.2,0.0
2015-03-20,6.0,4.9,127.0,8.1,8.4,4.7,0.0
2015-03-21,6.0,0.5,63.0,9.7,6.4,4.7,0.0
2015-03-22,3.0,7.7,162.0,12.2,6.9,4.0,0.0
2015-03-23,6.0,3.9,119.0,10.7,6.6,0.9,2.8
2015-03-24,5.0,2.6,102.0,10.3,7.7,4.6,0.4
2015-03-25,2.0,5.7,144.0,13.0,5.3,0.3,5.4
2015-03-26,5.0,3.0,110.0,13.1,8.3,3.5,2.8
2015-03-27,1.0,8.3,177.0,14.3,7.3,1.4,0.0
2015-03-28,7.0,0.1,57.0,13.9,10.5,6.7,1.0
2015-03-29,6.0,0.0,52.0,12.5,11.5,9.0,3.8
2015-03-30,4.0,3.7,125.0,13.4,8.9,5.2,1.6
2015-03-31,3.0,8.3,184.0,12.3,10.9,8.4,0.0
2015-04-01,4.0,4.6,140.0,11.9,8.2,4.0,1.6
2015-04-02,7.0,0.9,81.0,12.5,8.9,5.8,1.8
2015-04-03,8.0,0.0,55.0,10.0,9.7,6.8,2.8
2015-04-04,7.0,0.1,61.0,13.1,9.1,8.1,0.2
2015-04-05,6.0,1.5,96.0,17.4,9.4,5.7,0.0
2015-04-06,1.0,11.4,228.0,17.9,9.6,1.8,0.0
2015-04-07,1.0,11.5,231.0,18.5,10.8,3.7,0.0
2015-04-08,2.0,6.3,172.0,18.0,12.3,6.1,0.0
2015-04-09,1.0,9.7,215.0,21.3,11.6,5.2,0.0
2015-04-10,1.0,8.8,206.0,14.1,13.8,6.2,0.4
2015-04-11,3.0,7.8,195.0,18.3,11.6,9.0,0.2
2015-04-12,2.0,9.2,214.0,17.1,11.4,4.4,0.0
2015-04-13,5.0,2.7,125.0,22.2,12.6,8.0,0.2
2015-04-14,0.0,12.2,251.0,24.6,14.0,5.7,0.0
2015-04-15,0.0,12.3,254.0,17.7,16.7,8.7,0.0
2015-04-16,3.0,6.4,184.0,15.6,13.2,8.7,0.0
2015-04-17,2.0,7.2,196.0,15.1,12.0,8.4,0.0
2015-04-18,1.0,12.5,262.0,12.1,10.1,5.1,0.0
2015-04-19,6.0,3.0,136.0,18.8,8.5,4.8,0.0
2015-04-20,0.0,12.5,265.0,19.1,11.3,3.7,0.0
2015-04-21,0.0,13.3,276.0,16.5,11.9,4.6,0.0
2015-04-22,2.0,8.3,217.0,17.7,10.9,5.3,0.0
2015-04-23,3.0,8.6,222.0,18.3,11.9,6.1,0.0
2015-04-24,3.0,6.3,192.0,18.6,12.5,6.7,2.4
2015-04-25,7.0,2.3,129.0,11.2,14.9,11.1,4.4
2015-04-26,7.0,0.0,68.0,13.4,9.2,7.2,0.0
2015-04-27,1.0,7.5,212.0,14.1,8.5,3.6,0.0
2015-04-28,2.0,11.0,259.0,14.1,8.6,3.1,0.4
2015-04-29,4.0,4.4,168.0,15.9,10.5,6.8,1.8
2015-04-30,2.0,9.8,246.0,13.6,10.0,4.1,0.0
2015-05-01,5.0,4.4,171.0,15.7,9.8,5.9,0.0
2015-05-02,6.0,0.7,98.0,20.3,11.0,6.2,3.2
2015-05-03,7.0,3.3,154.0,18.9,14.7,9.1,0.0
2015-05-04,5.0,6.9,212.0,16.4,15.0,11.1,7.0
2015-05-05,6.0,4.7,179.0,14.8,14.3,12.2,3.6
2015-05-06,6.0,5.4,191.0,17.6,11.5,8.1,3.4
2015-05-07,5.0,5.5,193.0,16.7,13.1,8.5,0.0
2015-05-08,7.0,0.1,81.0,19.3,12.3,7.9,0.2
2015-05-09,4.0,5.7,198.0,19.4,15.3,11.3,0.0
2015-05-10,4.0,7.5,226.0,21.6,14.0,8.6,0.0
2015-05-11,4.0,5.6,198.0,18.2,16.4,11.1,0.2
2015-05-12,3.0,9.3,252.0,20.1,14.3,10.3,0.0
2015-05-13,1.0,14.0,313.0,11.3,13.1,6.0,0.2
2015-05-14,7.0,0.0,77.0,15.6,10.2,9.1,13.8
2015-05-15,6.0,5.7,203.0,18.8,11.7,7.7,0.0
2015-05-16,4.0,10.0,265.0,17.7,14.9,11.0,0.0
2015-05-17,3.0,8.8,250.0,15.8,12.1,6.4,0.2
2015-05-18,5.0,5.0,193.0,14.7,12.4,9.0,1.2
2015-05-19,3.0,8.0,240.0,16.0,11.0,7.2,2.6
2015-05-20,3.0,7.9,239.0,20.4,10.0,4.0,0.0
2015-05-21,1.0,13.5,315.0,19.6,12.9,5.3,0.0
2015-05-22,6.0,3.5,169.0,17.7,13.5,7.4,0.0
2015-05-23,6.0,4.6,189.0,20.0,15.3,12.9,0.0
2015-05-24,6.0,5.1,198.0,16.7,16.0,12.0,0.2
2015-05-25,6.0,2.7,156.0,19.7,12.8,8.9,0.0
2015-05-26,2.0,8.5,251.0,20.3,14.5,9.3,0.0
2015-05-27,1.0,9.7,269.0,18.1,13.8,7.3,0.0
2015-05-28,3.0,8.7,255.0,14.6,14.8,11.5,0.0
2015-05-29,4.0,4.1,183.0,18.6,11.9,9.2,2.6
2015-05-30,3.0,8.4,252.0,16.3,12.6,6.6,2.8
2015-05-31,6.0,1.7,136.0,16.5,13.5,10.6,0.4
2015-06-01,4.0,4.1,186.0,20.1,12.1,7.6,0.6
2015-06-02,7.0,1.6,135.0,20.4,15.4,10.7,0.0
2015-06-03,3.0,9.1,264.0,23.6,15.8,11.1,0.0
2015-06-04,0.0,14.4,333.0,24.4,16.1,8.5,0.8
2015-06-05,3.0,5.3,208.0,20.5,19.6,14.7,0.0
2015-06-06,1.0,12.3,308.0,20.4,14.5,8.4,0.0
2015-06-07,0.0,13.1,318.0,18.9,14.0,7.5,0.0
2015-06-08,4.0,6.4,226.0,15.7,14.0,9.1,0.0
2015-06-09,5.0,2.5,157.0,19.2,11.4,7.1,0.0
2015-06-10,4.0,7.2,239.0,24.7,14.3,9.4,0.0
2015-06-11,0.0,13.9,329.0,25.4,17.1,9.5,0.0
2015-06-12,3.0,1.2,127.0,20.0,19.2,12.9,0.4
2015-06-13,7.0,0.9,119.0,18.1,17.4,14.7,0.0
2015-06-14,7.0,0.3,99.0,20.7,15.3,12.4,0.2
2015-06-15,5.0,5.2,208.0,24.5,16.0,11.2,0.0
2015-06-16,3.0,6.5,229.0,26.1,16.9,9.2,0.0
2015-06-17,4.0,3.4,176.0,22.1,18.9,11.7,0.0
2015-06-18,3.0,10.3,284.0,22.1,18.1,14.0,0.0
2015-06-19,3.0,9.1,267.0,20.4,16.7,11.3,0.0
2015-06-20,6.0,0.1,89.0,21.2,16.7,12.9,2.6
2015-06-21,5.0,3.6,180.0,18.4,17.6,14.0,5.8
2015-06-22,6.0,3.6,180.0,21.3,14.7,10.9,0.2
2015-06-23,5.0,3.8,183.0,24.4,16.6,11.8,0.0
2015-06-24,3.0,6.3,226.0,25.2,18.4,12.4,0.0
2015-06-25,2.0,9.5,273.0,27.7,18.5,11.8,0.0
2015-06-26,3.0,4.8,201.0,25.1,20.6,13.5,0.0
2015-06-27,2.0,8.8,263.0,21.4,18.4,11.7,0.0
2015-06-28,4.0,2.0,147.0,25.9,18.4,15.3,1.6
2015-06-29,4.0,13.0,318.0,32.5,19.6,13.3,0.0
2015-06-30,0.0,14.7,339.0,36.7,23.0,13.4,0.0
2015-07-01,5.0,10.4,284.0,26.2,28.7,20.7,0.0
2015-07-02,4.0,5.4,210.0,27.2,21.8,17.4,0.0
2015-07-03,4.0,11.7,300.0,27.2,20.1,13.0,9.4
2015-07-04,6.0,11.8,301.0,24.7,22.2,17.1,0.0
2015-07-05,4.0,5.1,204.0,23.7,19.3,13.8,0.0
2015-07-06,1.0,9.0,263.0,24.3,18.1,12.4,0.0
2015-07-07,3.0,6.4,225.0,21.5,19.7,15.1,0.2
2015-07-08,6.0,2.3,151.0,23.1,17.6,13.6,0.4
2015-07-09,1.0,13.7,323.0,26.7,17.0,10.9,0.0
2015-07-10,3.0,12.2,304.0,26.0,19.9,13.0,0.0
2015-07-11,4.0,11.8,298.0,22.6,20.2,14.4,0.8
2015-07-12,7.0,0.2,92.0,20.8,18.9,15.1,4.4
2015-07-13,7.0,0.0,78.0,22.9,18.6,16.3,1.0
2015-07-14,8.0,0.5,103.0,22.5,19.9,16.8,2.4
2015-07-15,7.0,1.1,121.0,25.3,19.8,17.1,0.0
2015-07-16,5.0,1.9,140.0,25.1,20.1,14.9,6.8
2015-07-17,4.0,5.1,200.0,23.6,20.0,14.9,0.0
2015-07-18,4.0,10.6,279.0,24.9,17.9,12.1,0.8
2015-07-19,5.0,10.4,275.0,24.7,19.4,13.9,0.2
2015-07-20,7.0,0.4,98.0,26.5,19.4,14.0,0.0
2015-07-21,2.0,10.5,275.0,23.0,19.9,13.2,0.0
2015-07-22,6.0,6.3,216.0,22.4,18.8,14.5,0.4
2015-07-23,5.0,4.7,190.0,16.5,16.9,11.4,0.0
2015-07-24,8.0,0.0,75.0,21.7,16.2,15.8,37.6
2015-07-25,5.0,9.4,258.0,19.1,16.6,11.4,1.6
2015-07-26,8.0,0.1,83.0,20.9,15.6,12.1,5.6
2015-07-27,8.0,1.2,118.0,20.8,16.8,12.6,0.0
2015-07-28,6.0,5.2,195.0,20.3,16.9,12.9,0.0
2015-07-29,6.0,4.1,176.0,20.3,15.0,9.7,0.2
2015-07-30,4.0,8.1,236.0,22.7,15.3,10.2,0.0
2015-07-31,2.0,10.1,261.0,21.5,15.7,8.7,0.0
2015-08-01,2.0,7.4,224.0,26.2,15.5,9.4,0.0
2015-08-02,3.0,11.9,282.0,25.1,19.2,12.2,0.0
2015-08-03,5.0,2.3,139.0,22.4,20.4,15.6,0.0
2015-08-04,5.0,6.4,207.0,22.0,17.9,13.4,0.0
2015-08-05,8.0,0.9,106.0,23.9,18.4,14.8,4.2
2015-08-06,5.0,6.2,202.0,24.8,18.8,13.7,0.0
2015-08-07,5.0,9.8,250.0,26.6,18.7,12.5,0.0
2015-08-08,2.0,9.5,245.0,26.6,20.6,14.5,0.0
2015-08-09,2.0,11.7,271.0,22.7,19.6,12.5,0.0
2015-08-10,7.0,0.9,103.0,21.3,19.9,17.0,0.0
2015-08-11,8.0,1.6,119.0,23.4,17.6,13.9,1.8
2015-08-12,6.0,3.2,149.0,20.3,19.2,15.0,0.0
2015-08-13,8.0,0.0,67.0,21.3,18.2,16.1,7.4
2015-08-14,8.0,0.4,86.0,20.7,19.4,17.4,1.4
2015-08-15,7.0,5.3,180.0,20.8,17.5,14.2,0.0
2015-08-16,7.0,3.4,149.0,22.1,16.1,11.3,0.0
2015-08-17,6.0,6.5,195.0,19.5,17.7,13.3,0.0
2015-08-18,8.0,0.0,64.0,20.9,16.8,14.1,0.2
2015-08-19,7.0,2.5,131.0,21.1,17.2,13.4,6.6
2015-08-20,8.0,0.4,82.0,26.5,18.1,15.1,0.0
2015-08-21,5.0,8.0,210.0,30.7,22.2,17.9,0.0
2015-08-22,3.0,9.0,221.0,21.5,22.9,15.0,0.0
2015-08-23,3.0,3.7,148.0,17.0,19.7,17.8,5.4
2015-08-24,8.0,0.0,61.0,19.0,14.8,12.5,11.4
2015-08-25,6.0,3.5,142.0,19.9,15.1,11.2,5.6
2015-08-26,6.0,3.4,140.0,19.6,17.0,14.1,51.6
2015-08-27,6.0,2.9,131.0,21.1,16.6,13.5,0.0
2015-08-28,3.0,8.8,210.0,22.3,16.0,10.9,0.0
2015-08-29,7.0,3.5,138.0,20.8,18.2,14.1,3.2
2015-08-30,8.0,1.0,91.0,16.0,18.2,15.6,14.0
2015-08-31,8.0,0.0,57.0,19.2,15.2,14.3,4.0
2015-09-01,7.0,3.1,124.0,19.0,16.3,13.4,0.2
2015-09-02,5.0,5.5,156.0,16.4,14.3,9.5,0.0
2015-09-03,7.0,1.5,95.0,16.6,13.0,9.6,0.0
2015-09-04,7.0,1.5,95.0,16.3,13.7,10.7,0.6
2015-09-05,5.0,0.8,80.0,19.9,12.6,8.9,0.0
2015-09-06,1.0,11.6,216.0,19.3,12.8,5.7,0.0
2015-09-07,1.0,9.8,197.0,16.5,13.9,8.4,0.0
2015-09-08,7.0,1.4,89.0,19.7,13.3,10.1,0.0
2015-09-09,6.0,2.1,100.0,21.2,16.2,12.7,0.4
2015-09-10,0.0,11.9,212.0,22.3,16.5,11.8,0.0
2015-09-11,3.0,10.0,192.0,21.5,17.1,11.8,0.4
2015-09-12,6.0,4.9,135.0,20.0,18.3,15.0,0.0
2015-09-13,7.0,2.3,99.0,19.8,15.0,10.0,10.2
2015-09-14,6.0,3.1,110.0,19.9,15.8,11.8,1.0
2015-09-15,6.0,1.1,78.0,16.0,15.1,10.3,0.4
2015-09-16,8.0,0.1,53.0,18.5,13.3,10.5,19.0
2015-09-17,5.0,7.3,155.0,19.5,13.8,9.1,0.0
2015-09-18,5.0,2.4,96.0,19.6,15.6,11.7,9.6
2015-09-19,3.0,8.1,160.0,20.2,15.2,10.7,0.0
2015-09-20,2.0,7.5,152.0,14.8,14.7,9.1,0.0
2015-09-21,7.0,0.3,56.0,15.3,13.9,12.9,5.8
2015-09-22,6.0,0.7,64.0,17.4,12.0,8.6,0.2
2015-09-23,4.0,6.2,134.0,18.7,12.7,7.9,2.0
2015-09-24,6.0,5.3,124.0,17.9,15.7,12.6,0.0
2015-09-25,2.0,7.3,142.0,18.0,13.2,8.5,0.2
2015-09-26,3.0,8.4,151.0,19.3,12.4,6.7,0.0
2015-09-27,2.0,8.5,150.0,18.4,13.6,7.8,0.0
2015-09-28,1.0,10.0,161.0,19.1,13.7,9.0,0.0
2015-09-29,1.0,8.9,150.0,18.7,14.8,10.4,0.0
2015-09-30,0.0,10.7,163.0,18.8,14.2,9.7,0.0
2015-10-01,1.0,10.6,160.0,19.0,14.1,9.3,0.0
2015-10-02,0.0,10.5,158.0,16.7,13.8,8.6,0.0
2015-10-03,4.0,2.9,86.0,18.2,12.5,8.3,0.0
2015-10-04,3.0,8.1,135.0,17.4,12.7,7.1,0.4
2015-10-05,8.0,0.0,36.0,19.4,14.3,11.1,11.0
2015-10-06,7.0,2.3,76.0,16.0,17.1,14.7,5.4
2015-10-07,8.0,0.2,42.0,17.2,15.0,13.9,0.0
2015-10-08,5.0,6.0,110.0,17.6,11.7,6.2,0.2
2015-10-09,2.0,6.3,111.0,16.2,12.1,6.6,0.0
2015-10-10,6.0,0.1,38.0,15.8,12.1,8.0,0.0
2015-10-11,8.0,5.4,101.0,14.3,12.7,9.5,0.0
2015-10-12,5.0,5.4,99.0,13.1,11.1,7.8,0.0
2015-10-13,6.0,3.2,78.0,13.6,10.4,7.6,0.0
2015-10-14,4.0,5.3,96.0,13.2,9.6,5.6,0.6
2015-10-15,7.0,1.7,60.0,13.9,11.2,9.1,0.0
2015-10-16,8.0,0.1,34.0,12.8,12.2,10.5,0.0
2015-10-17,8.0,0.0,30.0,15.7,11.7,10.5,0.0
2015-10-18,7.0,2.5,66.0,14.3,13.3,10.9,0.4
2015-10-19,7.0,0.0,29.0,16.0,12.8,11.3,0.2
2015-10-20,4.0,3.4,72.0,15.1,12.0,8.0,3.8
2015-10-21,8.0,0.0,28.0,14.3,11.8,8.5,1.6
2015-10-22,8.0,0.0,27.0,13.7,12.5,10.6,0.2
2015-10-23,8.0,0.0,27.0,13.9,12.0,10.3,0.0
2015-10-24,7.0,0.0,26.0,12.0,12.7,11.4,3.4
2015-10-25,1.0,5.5,83.0,17.1,8.0,4.0,0.0
2015-10-26,5.0,5.5,82.0,18.8,11.2,5.3,0.0
2015-10-27,7.0,2.4,56.0,16.4,14.9,10.9,4.8
2015-10-28,5.0,1.7,49.0,15.5,13.9,11.4,0.2
2015-10-29,7.0,0.1,27.0,16.3,12.1,8.7,7.0
2015-10-30,8.0,0.0,24.0,18.3,13.9,11.4,0.4
2015-10-31,4.0,5.0,73.0,13.0,14.1,9.9,0.2
2015-11-01,8.0,2.5,53.0,13.5,9.7,6.3,0.2
2015-11-02,4.0,1.9,47.0,13.3,10.7,7.9,0.0
2015-11-03,7.0,0.0,22.0,15.1,11.2,9.1,3.0
2015-11-04,8.0,0.0,22.0,15.7,13.0,10.8,0.6
2015-11-05,8.0,0.0,21.0,17.5,13.8,11.8,2.4
2015-11-06,7.0,0.0,21.0,17.1,15.6,13.6,3.2
2015-11-07,6.0,0.1,24.0,16.3,15.4,13.7,7.6
2015-11-08,7.0,0.0,20.0,15.5,11.8,7.3,0.4
2015-11-09,5.0,0.2,25.0,16.5,12.4,9.3,0.0
2015-11-10,8.0,0.0,19.0,15.4,14.2,11.8,0.0
2015-11-11,8.0,0.0,19.0,16.3,14.5,13.6,0.0
2015-11-12,5.0,2.1,42.0,12.0,13.4,10.5,0.6
2015-11-13,3.0,2.9,47.0,15.2,10.4,8.8,1.2
2015-11-14,6.0,0.0,18.0,16.4,11.1,6.9,6.8
2015-11-15,8.0,0.0,18.0,14.1,12.6,8.7,0.0
2015-11-16,7.0,1.2,33.0,16.3,13.2,12.2,2.8
2015-11-17,8.0,0.0,17.0,15.5,13.9,11.5,3.6
2015-11-18,5.0,2.8,43.0,12.1,13.1,10.7,1.0
2015-11-19,8.0,0.0,17.0,9.8,11.2,10.2,2.2
2015-11-20,6.0,1.9,36.0,6.2,8.8,7.8,1.8
2015-11-21,5.0,3.6,46.0,6.7,4.0,1.7,0.2
2015-11-22,4.0,3.8,47.0,10.0,2.7,-1.4,0.0
2015-11-23,6.0,2.5,39.0,9.8,4.6,-0.8,4.4
2015-11-24,7.0,0.0,16.0,10.4,5.6,1.4,0.6
2015-11-25,6.0,0.2,19.0,11.4,7.9,5.4,0.0
2015-11-26,7.0,0.5,22.0,14.1,9.5,7.6,0.0
2015-11-27,8.0,0.1,17.0,10.9,10.7,7.3,1.2
2015-11-28,4.0,1.4,29.0,13.3,6.7,2.5,0.6
2015-11-29,7.0,0.0,15.0,13.4,8.8,4.2,2.2
2015-11-30,8.0,0.0,14.0,14.3,10.8,8.2,1.6
2015-12-01,8.0,0.5,20.0,13.5,11.8,9.3,0.0
2015-12-02,7.0,1.1,24.0,13.7,12.7,11.8,0.0
2015-12-03,8.0,0.0,13.0,13.0,12.8,11.8,2.4
2015-12-04,5.0,4.5,43.0,13.9,9.3,5.6,0.0
2015-12-05,8.0,0.0,13.0,14.4,10.4,6.8,0.0
2015-12-06,8.0,0.2,16.0,14.4,13.1,11.8,0.2
2015-12-07,4.0,0.8,21.0,13.6,13.4,12.3,2.0
2015-12-08,4.0,1.9,28.0,12.2,12.2,10.8,0.6
2015-12-09,2.0,5.5,45.0,12.7,8.1,4.0,0.0
2015-12-10,8.0,0.1,14.0,11.2,9.4,6.1,4.4
2015-12-11,7.0,0.0,12.0,13.6,10.0,8.7,0.2
2015-12-12,8.0,0.0,12.0,10.4,9.3,4.9,1.8
2015-12-13,7.0,0.0,12.0,10.9,8.3,6.1,0.0
2015-12-14,8.0,0.0,12.0,13.5,8.2,5.4,0.4
2015-12-15,8.0,0.0,12.0,15.2,10.7,7.8,5.0
2015-12-16,8.0,0.9,21.0,15.5,13.1,10.9,0.0
2015-12-17,5.0,0.0,12.0,15.6,13.6,11.7,0.0
2015-12-18,7.0,0.6,19.0,16.4,13.3,11.0,0.0
2015-12-19,7.0,1.0,22.0,13.1,14.3,12.1,0.0
2015-12-20,6.0,0.0,12.0,14.6,12.6,12.0,1.4
2015-12-21,5.0,0.5,18.0,15.0,10.6,6.5,2.0
2015-12-22,8.0,0.0,12.0,12.5,11.5,8.0,4.4
2015-12-23,3.0,4.8,41.0,13.3,10.5,8.4,0.0
2015-12-24,5.0,1.3,24.0,14.7,11.0,8.6,2.0
2015-12-25,7.0,0.0,12.0,15.2,10.0,5.2,1.8
2015-12-26,8.0,0.0,12.0,14.8,12.1,8.9,0.2
2015-12-27,8.0,0.0,12.0,13.4,14.0,13.2,0.0
2015-12-28,2.0,3.3,35.0,13.5,10.9,8.3,1.2
2015-12-29,5.0,3.3,35.0,13.9,11.5,9.4,0.2
2015-12-30,8.0,0.0,12.0,11.5,11.7,9.5,7.0
2015-12-31,3.0,4.7,42.0,9.9,9.5,7.5,2.2
2016-01-01,6.0,0.0,13.0,11.3,5.6,1.3,2.8
2016-01-02,8.0,0.0,13.0,9.7,6.8,2.2,5.6
2016-01-03,6.0,0.0,13.0,10.9,7.3,4.9,7.2
2016-01-04,4.0,3.2,36.0,10.1,8.3,5.7,0.4
2016-01-05,6.0,2.1,30.0,9.2,7.6,5.1,0.4
2016-01-06,7.0,0.0,13.0,10.8,7.0,4.8,8.6
2016-01-07,5.0,1.7,28.0,9.5,7.8,4.9,1.4
2016-01-08,4.0,2.1,31.0,10.9,5.0,0.5,0.8
2016-01-09,7.0,0.0,14.0,9.1,8.2,5.6,11.0
2016-01-10,4.0,2.9,36.0,7.2,7.2,5.2,12.4
2016-01-11,7.0,0.3,18.0,7.4,6.0,4.8,0.2
2016-01-12,4.0,1.3,27.0,7.1,5.2,3.0,0.6
2016-01-13,6.0,2.1,32.0,5.5,4.6,2.0,3.0
2016-01-14,4.0,1.1,26.0,5.9,3.8,2.0,0.2
2016-01-15,2.0,5.5,52.0,5.2,3.4,0.9,0.0
2016-01-16,3.0,4.7,48.0,4.5,1.8,-1.6,3.6
2016-01-17,8.0,0.0,15.0,5.4,1.7,-1.1,0.2
2016-01-18,6.0,0.0,15.0,5.3,3.2,0.9,0.0
2016-01-19,3.0,5.5,54.0,7.0,1.3,-2.7,0.0
2016-01-20,0.0,6.7,61.0,8.0,1.2,-4.5,0.0
2016-01-21,5.0,1.7,33.0,11.2,2.6,-2.9,0.6
2016-01-22,5.0,0.3,21.0,12.2,6.8,2.3,2.0
2016-01-23,5.0,0.2,20.0,15.3,8.2,4.2,1.0
2016-01-24,8.0,1.4,32.0,13.5,10.6,5.9,0.0
2016-01-25,3.0,2.4,40.0,12.8,11.6,9.6,0.0
2016-01-26,6.0,0.0,17.0,13.3,9.0,5.3,3.8
2016-01-27,8.0,0.0,18.0,11.5,11.3,9.3,2.2
2016-01-28,3.0,6.0,64.0,12.2,6.8,2.0,0.0
2016-01-29,8.0,0.0,18.0,8.1,7.6,3.1,5.6
2016-01-30,6.0,3.5,51.0,13.4,7.7,7.3,0.4
2016-01-31,8.0,0.1,22.0,14.3,8.6,3.9,0.8
2016-02-01,7.0,0.1,22.0,10.1,10.2,6.2,0.0
2016-02-02,4.0,5.3,65.0,9.7,9.0,8.0,0.2
2016-02-03,4.0,1.3,37.0,14.2,5.9,2.1,0.0
2016-02-04,6.0,1.1,35.0,11.5,8.8,3.3,0.2
2016-02-05,8.0,0.0,21.0,12.6,10.2,8.9,1.0
2016-02-06,8.0,0.0,21.0,10.5,10.9,9.2,6.8
2016-02-07,5.0,4.3,63.0,9.6,7.7,4.9,14.4
2016-02-08,7.0,1.3,40.0,8.2,7.8,6.1,1.8
2016-02-09,5.0,3.1,56.0,8.8,5.2,2.3,1.0
2016-02-10,5.0,0.9,37.0,9.0,6.1,3.4,0.0
2016-02-11,3.0,7.5,88.0,7.0,4.0,-1.1,0.2
2016-02-12,6.0,1.1,40.0,5.1,3.7,0.4,0.2
2016-02-13,7.0,0.0,24.0,6.6,3.7,2.3,3.8
2016-02-14,5.0,3.5,64.0,6.9,4.1,1.6,0.0
2016-02-15,2.0,6.7,88.0,7.8,3.5,0.1,0.0
2016-02-16,1.0,8.3,100.0,6.6,2.2,-3.3,0.0
2016-02-17,6.0,0.0,26.0,8.4,3.6,0.5,9.0
2016-02-18,4.0,5.5,83.0,10.5,5.8,3.3,0.2
2016-02-19,4.0,5.7,86.0,12.6,4.6,-1.3,0.2
2016-02-20,7.0,0.2,33.0,14.8,7.8,3.0,2.2
2016-02-21,8.0,0.2,33.0,9.8,12.4,10.0,2.0
2016-02-22,8.0,0.8,43.0,9.1,9.0,8.3,0.2
2016-02-23,4.0,5.7,91.0,8.3,5.6,2.1,0.0
2016-02-24,2.0,7.2,104.0,7.0,3.3,-1.7,0.0
2016-02-25,4.0,4.1,80.0,8.7,2.6,-1.8,0.0
2016-02-26,7.0,3.1,72.0,6.1,4.4,0.2,0.0
2016-02-27,7.0,0.8,47.0,8.3,4.5,2.9,0.0
2016-02-28,6.0,1.8,60.0,9.3,5.4,2.6,0.0
2016-02-29,3.0,7.2,111.0,13.1,4.9,0.5,0.4
2016-03-01,8.0,0.3,44.0,7.6,8.7,4.3,6.4
2016-03-02,6.0,2.4,76.0,9.2,5.6,3.6,3.8
2016-03-03,6.0,6.9,124.0,8.2,6.2,3.1,2.2
2016-03-04,3.0,8.3,138.0,6.7,4.8,1.4,0.0
2016-03-05,4.0,0.1,42.0,6.4,2.9,-0.9,0.6
2016-03-06,5.0,2.5,82.0,7.9,3.5,0.6,0.0
2016-03-07,5.0,6.7,129.0,9.4,4.0,0.1,0.0
2016-03-08,6.0,0.1,44.0,11.0,3.9,-1.6,12.6
2016-03-09,8.0,0.7,58.0,9.4,6.4,1.7,8.6
2016-03-10,7.0,0.1,45.0,11.4,7.4,5.3,0.2
2016-03-11,1.0,6.9,137.0,11.1,5.6,-0.3,0.0
2016-03-12,5.0,4.7,115.0,11.4,6.2,1.2,0.0
2016-03-13,3.0,7.3,144.0,11.7,7.2,3.0,0.0
2016-03-14,4.0,8.6,159.0,9.0,7.6,3.6,0.0
2016-03-15,5.0,1.1,70.0,10.2,5.5,2.0,0.0
2016-03-16,7.0,4.1,114.0,11.9,8.4,6.5,0.0
2016-03-17,0.0,10.2,180.0,7.6,6.8,1.8,0.0
2016-03-18,7.0,0.0,46.0,9.0,4.6,1.5,0.0
2016-03-19,8.0,0.0,46.0,10.9,6.7,4.4,0.0
2016-03-20,7.0,1.4,80.0,12.2,8.0,5.0,0.0
2016-03-21,7.0,0.8,70.0,13.9,9.0,5.7,0.0
2016-03-22,2.0,9.6,183.0,10.4,7.6,1.2,0.0
2016-03-23,8.0,0.0,49.0,11.4,8.3,6.2,0.0
2016-03-24,8.0,0.0,49.0,15.1,8.2,5.0,8.0
2016-03-25,4.0,9.6,189.0,13.9,11.2,7.4,0.0
2016-03-26,7.0,0.0,51.0,11.2,9.8,5.8,4.6
2016-03-27,6.0,4.7,136.0,12.9,8.4,5.5,19.2
2016-03-28,7.0,5.1,142.0,12.7,8.3,3.7,1.4
2016-03-29,4.0,5.7,151.0,12.9,8.6,4.4,5.2
2016-03-30,4.0,8.8,189.0,12.8,8.8,4.6,0.0
2016-03-31,4.0,6.6,165.0,13.1,8.6,4.5,0.0
2016-04-01,3.0,7.1,173.0,14.5,7.0,0.9,0.0
2016-04-02,6.0,7.6,180.0,15.5,11.2,8.0,3.2
2016-04-03,6.0,5.0,149.0,13.2,11.4,7.3,0.6
2016-04-04,7.0,3.2,125.0,15.5,11.0,8.8,0.2
2016-04-05,4.0,8.9,200.0,12.8,11.2,7.0,0.4
2016-04-06,4.0,4.7,149.0,11.9,9.1,5.4,0.6
2016-04-07,6.0,1.5,99.0,14.1,8.1,4.3,6.6
2016-04-08,6.0,2.9,124.0,11.6,9.0,4.0,1.8
2016-04-09,6.0,2.4,117.0,13.3,9.0,6.3,0.0
2016-04-10,3.0,9.4,214.0,14.3,7.0,0.7,1.2
2016-04-11,7.0,1.0,92.0,17.4,11.6,8.8,3.0
2016-04-12,5.0,7.6,195.0,18.6,12.2,7.1,0.0
2016-04-13,3.0,7.9,201.0,16.9,11.2,3.8,0.4
2016-04-14,6.0,5.3,167.0,13.4,12.4,7.8,2.8
2016-04-15,8.0,0.5,82.0,9.5,11.1,8.8,16.4
2016-04-16,6.0,1.4,104.0,12.0,7.1,4.7,0.2
2016-04-17,2.0,9.4,225.0,13.0,6.2,0.3,0.0
2016-04-18,6.0,3.7,147.0,15.9,8.0,3.0,0.0
2016-04-19,4.0,8.4,215.0,14.8,12.4,8.8,0.0
2016-04-20,0.0,13.0,272.0,17.0,9.6,4.5,0.0
2016-04-21,6.0,4.3,160.0,11.3,11.4,5.9,0.0
2016-04-22,8.0,0.0,67.0,11.2,9.7,8.1,5.8
2016-04-23,5.0,7.4,207.0,10.3,7.5,3.8,0.2
2016-04-24,7.0,2.9,140.0,12.1,6.7,3.1,0.0
2016-04-25,8.0,1.5,113.0,10.6,8.8,5.5,0.8
2016-04-26,4.0,8.3,223.0,11.7,6.6,2.6,0.2
2016-04-27,4.0,8.7,229.0,12.6,6.5,1.3,0.0
2016-04-28,4.0,8.2,224.0,12.2,6.4,0.1,1.4
2016-04-29,4.0,7.7,218.0,14.3,8.4,4.7,1.2
2016-04-30,2.0,10.1,251.0,16.5,7.8,1.4,0.2
2016-05-01,3.0,11.1,265.0,18.4,9.2,2.0,0.0
2016-05-02,7.0,1.7,123.0,15.7,14.2,9.9,0.4
2016-05-03,3.0,8.5,234.0,17.4,10.0,4.2,0.0
2016-05-04,0.0,13.7,301.0,20.7,10.6,3.9,0.0
2016-05-05,1.0,13.1,295.0,23.5,13.3,5.9,0.0
2016-05-06,2.0,10.4,262.0,23.9,15.8,8.2,0.0
2016-05-07,6.0,6.3,206.0,26.8,18.4,12.8,0.0
2016-05-08,1.0,13.3,301.0,24.9,20.0,13.3,0.0
2016-05-09,5.0,4.7,183.0,17.2,19.7,14.5,3.6
2016-05-10,8.0,0.0,75.0,18.9,16.2,15.2,27.0
2016-05-11,7.0,1.6,126.0,24.3,16.8,14.7,5.2
2016-05-12,3.0,11.6,284.0,17.7,18.1,11.9,0.0
2016-05-13,6.0,7.7,232.0,14.6,14.4,11.2,0.0
2016-05-14,5.0,7.2,225.0,17.4,11.1,7.6,0.0
2016-05-15,4.0,8.3,242.0,18.1,11.3,5.2,0.0
2016-05-16,2.0,11.5,286.0,17.8,13.4,8.6,0.0
2016-05-17,5.0,4.5,185.0,14.2,12.8,7.9,0.0
2016-05-18,8.0,0.0,78.0,19.0,12.8,11.3,7.4
2016-05-19,8.0,1.3,123.0,19.2,14.4,9.9,0.0
2016-05-20,7.0,2.9,158.0,18.3,16.2,13.1,0.0
2016-05-21,8.0,0.3,95.0,18.8,15.4,12.6,0.2
2016-05-22,6.0,5.4,203.0,19.7,14.9,11.0,3.2
2016-05-23,4.0,8.9,256.0,17.2,14.6,9.5,1.0
2016-05-24,2.0,9.7,268.0,14.7,12.4,7.5,0.0
2016-05-25,8.0,0.0,81.0,21.2,11.8,9.0,0.0
2016-05-26,4.0,10.5,280.0,22.2,14.4,7.7,0.0
2016-05-27,5.0,7.3,235.0,21.0,16.6,11.0,0.0
2016-05-28,3.0,6.6,225.0,19.2,15.6,10.3,0.0
2016-05-29,5.0,4.6,192.0,18.0,14.2,9.3,0.0
2016-05-30,8.0,0.0,82.0,12.9,14.6,11.3,0.2
2016-05-31,8.0,0.0,82.0,13.8,12.2,11.5,12.2
2016-06-01,8.0,0.0,79.0,13.7,12.6,11.3,0.0
2016-06-02,8.0,0.1,88.0,14.5,12.0,10.2,0.0
2016-06-03,8.0,0.0,80.0,19.2,11.8,9.0,0.0
2016-06-04,7.0,0.0,80.0,24.2,14.6,9.9,0.0
2016-06-05,3.0,9.1,265.0,25.0,18.0,11.7,0.0
2016-06-06,0.0,13.4,,24.4,18.4,11.8,0.0
2016-06-07,4.0,4.3,191.0,25.9,18.6,12.7,11.8
2016-06-08,6.0,4.2,190.0,23.2,20.6,15.2,1.4
2016-06-09,4.0,8.3,255.0,24.0,18.2,13.2,0.0
2016-06-10,7.0,3.1,169.0,22.5,18.8,13.6,0.0
2016-06-11,7.0,1.2,127.0,21.5,19.4,16.2,0.2
2016-06-12,7.0,1.1,124.0,19.2,17.7,13.9,5.0
2016-06-13,7.0,0.7,113.0,19.1,16.5,13.8,3.4
2016-06-14,8.0,0.7,113.0,20.5,16.2,13.4,3.0
2016-06-15,6.0,6.8,234.0,18.0,16.2,11.9,3.4
2016-06-16,8.0,0.2,95.0,20.3,15.2,12.5,14.2
2016-06-17,7.0,2.1,149.0,17.7,16.6,12.8,3.0
2016-06-18,7.0,0.5,107.0,20.2,14.8,12.0,0.0
2016-06-19,6.0,5.4,211.0,22.7,15.8,11.5,9.4
2016-06-20,6.0,4.2,191.0,21.7,18.9,15.1,3.6
2016-06-21,7.0,5.7,216.0,22.5,17.8,14.0,0.0
2016-06-22,8.0,1.1,125.0,21.1,18.5,14.5,21.8
2016-06-23,8.0,0.0,81.0,22.6,18.7,16.3,5.6
2016-06-24,4.0,8.3,256.0,20.3,17.0,11.3,0.0
2016-06-25,5.0,7.0,236.0,21.2,16.0,11.8,1.4
2016-06-26,7.0,0.0,81.0,21.7,16.6,11.9,1.2
2016-06-27,7.0,3.3,173.0,21.4,18.0,14.3,0.0
2016-06-28,6.0,7.3,240.0,17.2,16.1,10.8,2.0
2016-06-29,7.0,1.7,139.0,20.5,14.0,10.9,2.2
2016-06-30,8.0,1.9,144.0,19.9,16.9,13.3,0.8
2016-07-01,6.0,2.8,163.0,20.6,17.1,14.3,1.2
2016-07-02,3.0,10.1,279.0,21.6,15.6,10.5,0.2
2016-07-03,3.0,7.7,245.0,21.3,15.9,10.2,0.0
2016-07-04,4.0,5.2,206.0,21.6,16.2,11.0,0.0
2016-07-05,6.0,5.9,217.0,22.6,18.2,14.7,0.0
2016-07-06,5.0,8.6,257.0,23.6,16.6,10.5,0.0
2016-07-07,7.0,6.6,227.0,23.1,19.0,14.5,0.0
2016-07-08,6.0,2.5,155.0,23.2,19.0,14.9,0.0
2016-07-09,7.0,1.8,140.0,23.5,19.1,15.0,0.0
2016-07-10,6.0,5.3,206.0,22.0,20.3,17.1,0.2
2016-07-11,6.0,2.1,146.0,19.2,18.7,15.4,1.0
2016-07-12,6.0,6.1,217.0,20.0,15.8,12.4,5.4
2016-07-13,8.0,4.0,182.0,22.0,16.2,12.4,2.0
2016-07-14,4.0,8.9,258.0,21.1,16.7,11.4,0.0
2016-07-15,6.0,3.0,163.0,27.0,15.9,10.7,0.0
2016-07-16,7.0,4.5,190.0,27.6,21.6,16.3,0.0
2016-07-17,5.0,6.0,213.0,29.4,22.6,17.7,0.0
2016-07-18,0.0,14.4,38.0,33.2,22.5,15.6,0.0
2016-07-19,0.0,14.4,37.0,31.4,24.8,16.5,0.0
2016-07-20,3.0,10.6,276.0,25.5,26.8,22.3,0.0
2016-07-21,5.0,4.8,192.0,23.9,19.8,14.0,0.4
2016-07-22,7.0,0.7,106.0,28.6,20.6,17.2,0.6
2016-07-23,2.0,11.9,290.0,25.8,21.8,14.9,0.0
2016-07-24,6.0,4.9,192.0,24.7,20.2,14.7,0.2
2016-07-25,5.0,9.2,254.0,23.1,19.4,14.0,0.0
2016-07-26,4.0,6.2,211.0,25.6,18.1,13.1,3.2
2016-07-27,8.0,2.6,149.0,23.1,21.2,16.9,0.0
2016-07-28,6.0,4.8,187.0,23.5,18.9,14.7,1.2
2016-07-29,8.0,1.3,119.0,22.4,19.8,16.2,0.4
2016-07-30,7.0,1.3,119.0,22.4,19.2,16.0,0.0
2016-07-31,6.0,4.6,182.0,19.2,18.0,13.7,0.0
2016-08-01,7.0,0.0,72.0,21.9,15.6,12.1,13.0
2016-08-02,8.0,0.0,71.0,24.7,18.0,14.1,0.2
2016-08-03,6.0,4.7,181.0,23.5,21.5,18.3,0.0
2016-08-04,6.0,2.0,132.0,24.1,19.3,15.1,0.0
2016-08-05,3.0,6.5,207.0,26.4,18.4,12.8,0.0
2016-08-06,1.0,13.4,293.0,27.3,19.6,12.7,0.0
2016-08-07,4.0,8.9,238.0,22.3,22.2,17.0,0.0
2016-08-08,5.0,7.2,214.0,20.8,18.2,14.1,0.0
2016-08-09,3.0,7.2,213.0,20.4,15.6,10.4,0.0
2016-08-10,6.0,3.5,156.0,24.5,15.6,10.7,0.0
2016-08-11,6.0,4.9,177.0,27.7,19.7,14.9,0.0
2016-08-12,1.0,12.3,273.0,25.8,20.8,13.8,0.0
2016-08-13,5.0,6.4,197.0,22.9,20.2,14.5,0.0
2016-08-14,5.0,4.4,167.0,24.7,19.6,16.2,0.0
2016-08-15,0.0,13.2,278.0,25.0,18.6,12.4,0.0
2016-08-16,1.0,12.4,268.0,26.7,18.6,12.2,0.0
2016-08-17,1.0,12.2,264.0,25.5,20.0,13.3,0.0
2016-08-18,7.0,3.8,153.0,19.2,20.6,15.7,0.2
2016-08-19,6.0,1.0,99.0,21.9,18.1,17.0,2.0
2016-08-20,6.0,1.9,118.0,23.5,18.1,14.3,0.6
2016-08-21,7.0,4.8,166.0,26.0,19.1,14.7,0.8
2016-08-22,6.0,3.5,144.0,31.0,21.0,16.0,0.0
2016-08-23,0.0,12.8,261.0,33.1,22.0,12.9,0.0
2016-08-24,3.0,9.2,219.0,27.6,25.5,17.9,2.6
2016-08-25,6.0,5.2,167.0,27.0,23.2,18.8,0.0
2016-08-26,2.0,12.1,249.0,26.5,22.4,17.7,0.0
2016-08-27,5.0,2.2,117.0,21.5,21.2,15.9,0.0
2016-08-28,6.0,2.3,118.0,24.3,19.0,16.6,2.2
2016-08-29,4.0,6.3,176.0,27.0,19.8,15.4,0.0
2016-08-30,0.0,12.2,243.0,24.8,20.0,13.0,0.0
2016-08-31,3.0,4.9,155.0,24.8,18.8,12.7,0.0
2016-09-01,2.0,9.9,206.0,20.2,19.0,13.2,0.0
2016-09-02,7.0,0.0,55.0,21.5,17.0,13.9,0.2
2016-09-03,5.0,4.0,134.0,20.9,16.8,12.1,4.8
2016-09-04,7.0,1.1,86.0,22.9,18.2,15.5,3.0
2016-09-05,8.0,0.0,53.0,23.9,18.4,13.8,0.2
2016-09-06,8.0,0.2,62.0,28.4,19.8,15.6,0.0
2016-09-07,5.0,6.1,155.0,23.9,23.3,18.2,0.0
2016-09-08,2.0,8.5,180.0,24.3,19.4,15.0,0.0
2016-09-09,6.0,3.5,120.0,19.3,19.8,15.2,0.4
2016-09-10,7.0,0.0,50.0,22.0,18.6,17.9,3.2
2016-09-11,0.0,11.9,208.0,25.8,15.4,8.7,0.0
2016-09-12,6.0,3.0,110.0,32.8,18.2,10.6,0.0
2016-09-13,1.0,10.0,187.0,27.8,24.4,16.0,0.0
2016-09-14,0.0,11.0,194.0,29.4,23.6,19.4,0.0
2016-09-15,2.0,7.2,155.0,17.8,22.6,15.7,19.8
2016-09-16,7.0,0.3,59.0,16.3,16.8,15.9,2.2
2016-09-17,8.0,0.0,46.0,20.6,14.6,12.8,0.0
2016-09-18,8.0,0.8,69.0,19.6,17.0,13.4,0.0
2016-09-19,8.0,0.6,64.0,19.0,16.3,13.0,1.8
2016-09-20,8.0,0.0,44.0,22.1,16.6,14.3,0.0
2016-09-21,6.0,4.8,121.0,20.8,18.5,14.9,0.0
2016-09-22,6.0,2.5,92.0,20.7,17.6,14.3,0.0
2016-09-23,2.0,9.7,166.0,23.2,14.8,8.9,0.0
2016-09-24,3.0,4.9,118.0,21.0,16.5,9.8,1.6
2016-09-25,3.0,6.4,132.0,18.7,18.0,15.1,0.0
2016-09-26,5.0,0.8,62.0,19.6,14.2,9.6,0.8
2016-09-27,6.0,0.2,48.0,23.2,14.4,9.1,0.0
2016-09-28,5.0,4.1,104.0,20.3,17.6,12.1,1.2
2016-09-29,6.0,3.8,100.0,19.7,17.7,15.1,0.4
2016-09-30,5.0,6.8,128.0,16.1,15.4,11.2,2.6
2016-10-01,6.0,2.2,78.0,17.6,12.6,9.2,3.2
2016-10-02,4.0,7.0,127.0,18.5,13.3,9.0,0.0
2016-10-03,0.0,10.3,152.0,19.0,12.0,5.4,0.0
2016-10-04,1.0,9.1,141.0,17.7,14.4,9.8,0.0
2016-10-05,1.0,10.2,148.0,16.2,14.5,11.3,0.0
2016-10-06,6.0,2.3,75.0,15.5,12.5,8.8,0.0
2016-10-07,8.0,0.0,35.0,17.0,13.4,11.3,0.0
2016-10-08,8.0,0.5,47.0,16.0,14.5,12.0,0.0
2016-10-09,5.0,5.3,101.0,14.4,12.3,8.6,0.2
2016-10-10,2.0,7.1,115.0,16.8,10.1,5.8,0.0
2016-10-11,3.0,6.3,107.0,16.0,10.8,4.9,2.0
2016-10-12,7.0,3.3,79.0,13.8,12.6,9.1,3.2
2016-10-13,7.0,2.8,73.0,15.2,11.1,8.4,0.0
2016-10-14,8.0,0.8,48.0,18.2,12.1,9.0,0.0
2016-10-15,5.0,2.2,65.0,18.4,13.4,8.7,7.8
2016-10-16,4.0,3.4,76.0,17.7,12.8,7.3,2.8
2016-10-17,4.0,4.7,86.0,14.4,13.7,9.7,1.8
2016-10-18,3.0,3.7,76.0,13.5,11.8,9.1,0.0
2016-10-19,7.0,1.5,53.0,14.9,11.2,9.0,0.0
2016-10-20,6.0,1.8,56.0,13.6,11.6,8.2,0.0
2016-10-21,6.0,1.1,47.0,14.6,10.4,7.3,0.0
2016-10-22,5.0,1.8,54.0,13.8,9.8,5.0,0.0
2016-10-23,5.0,4.7,79.0,13.3,10.0,6.2,0.0
2016-10-24,8.0,0.0,26.0,14.1,11.4,9.5,0.2
2016-10-25,8.0,0.3,33.0,16.5,11.8,9.6,0.2
2016-10-26,6.0,2.1,54.0,16.5,13.0,9.4,0.0
2016-10-27,6.0,2.8,59.0,17.2,12.2,7.8,0.0
2016-10-28,6.0,3.3,62.0,15.3,13.5,9.8,0.0
2016-10-29,7.0,0.0,24.0,12.1,13.8,12.2,0.0
2016-10-30,7.0,0.0,23.0,20.0,10.0,8.0,0.2
2016-10-31,4.0,5.0,72.0,12.6,14.4,8.7,0.0
2016-11-01,6.0,0.0,22.0,11.2,9.4,6.3,0.0
2016-11-02,1.0,7.5,85.0,12.2,7.2,3.3,0.0
2016-11-03,5.0,3.7,60.0,11.5,6.9,1.6,0.6
2016-11-04,7.0,0.0,21.0,9.5,7.6,3.8,5.6
2016-11-05,4.0,1.0,36.0,7.9,5.6,1.8,0.0
2016-11-06,3.0,4.9,65.0,8.3,4.8,1.6,1.6
2016-11-07,4.0,2.8,50.0,6.6,6.1,3.9,0.0
2016-11-08,5.0,1.8,41.0,9.5,2.8,-0.9,22.8
2016-11-09,7.0,1.4,37.0,11.4,5.6,1.7,0.4
2016-11-10,6.0,1.5,38.0,11.5,7.3,3.2,1.0
2016-11-11,2.0,6.5,70.0,10.6,7.2,2.8,3.8
2016-11-12,8.0,0.0,19.0,11.4,6.6,2.7,5.2
2016-11-13,2.0,6.3,67.0,13.8,8.4,5.4,0.0
2016-11-14,8.0,0.0,18.0,16.0,9.4,5.0,0.2
2016-11-15,8.0,0.1,20.0,14.4,12.2,8.5,0.2
2016-11-16,6.0,4.2,53.0,13.9,13.0,11.5,4.8
2016-11-17,7.0,1.2,32.0,8.6,10.4,7.0,0.8
2016-11-18,4.0,2.8,43.0,9.0,5.8,3.1,0.0
2016-11-19,5.0,3.0,43.0,7.9,5.2,1.3,18.2
2016-11-20,8.0,0.0,16.0,12.4,6.0,4.0,10.2
2016-11-21,7.0,0.1,19.0,12.5,8.8,5.3,10.8
2016-11-22,7.0,1.5,32.0,10.3,10.2,7.9,0.0
2016-11-23,8.0,0.1,18.0,10.5,7.2,4.0,0.0
2016-11-24,7.0,0.0,15.0,11.0,8.6,6.7,0.0
2016-11-25,0.0,6.0,56.0,9.4,8.2,5.4,0.0
2016-11-26,4.0,2.7,38.0,8.6,6.1,2.8,0.2
2016-11-27,7.0,0.2,19.0,8.9,6.2,3.8,0.0
2016-11-28,3.0,6.1,55.0,7.2,7.4,5.8,0.0
2016-11-29,0.0,6.1,54.0,6.8,3.2,-0.9,0.0
2016-11-30,0.0,5.9,53.0,8.1,1.1,-4.6,0.0
2016-12-01,1.0,5.6,48.0,8.0,2.6,-2.9,0.0
2016-12-02,8.0,0.0,13.0,9.5,3.4,-1.3,0.2
2016-12-03,5.0,2.7,34.0,8.2,7.5,5.5,0.0
2016-12-04,0.0,5.9,48.0,8.2,4.4,0.6,0.0
2016-12-05,0.0,3.9,39.0,11.2,3.4,-1.4,0.0
2016-12-06,8.0,0.0,13.0,13.2,6.2,1.1,0.0
2016-12-07,8.0,0.3,17.0,13.4,9.2,5.2,0.0
2016-12-08,8.0,0.0,13.0,14.9,11.2,9.1,0.0
2016-12-09,6.0,1.7,27.0,13.6,13.1,11.3,0.0
2016-12-10,8.0,0.0,12.0,10.3,12.0,10.4,4.4
2016-12-11,2.0,4.7,41.0,11.4,6.9,3.5,0.2
2016-12-12,8.0,0.0,12.0,13.3,6.7,2.0,0.8
2016-12-13,8.0,0.1,14.0,13.9,10.1,6.9,0.2
2016-12-14,2.0,3.9,37.0,11.5,10.1,6.3,0.0
2016-12-15,7.0,0.0,12.0,10.5,8.0,4.5,0.0
2016-12-16,8.0,0.0,12.0,7.9,9.0,7.4,0.0
2016-12-17,9.0,0.0,12.0,7.5,5.8,3.8,0.0
2016-12-18,8.0,0.0,12.0,7.0,6.8,6.0,0.0
2016-12-19,8.0,0.0,12.0,9.8,5.8,4.5,0.8
2016-12-20,5.0,3.6,36.0,12.1,6.7,3.6,0.0
2016-12-21,8.0,0.0,12.0,10.7,8.0,4.0,0.4
2016-12-22,1.0,3.9,37.0,11.5,6.7,2.7,0.0
2016-12-23,6.0,0.0,12.0,11.5,7.3,3.1,1.4
2016-12-24,4.0,0.0,12.0,13.5,8.2,5.0,0.0
2016-12-25,8.0,0.0,12.0,8.6,10.2,6.8,1.0
2016-12-26,3.0,4.5,40.0,6.8,7.0,5.4,0.0
2016-12-27,1.0,4.2,39.0,8.1,2.8,-1.1,0.0
2016-12-28,2.0,4.7,41.0,9.5,3.0,-2.2,0.2
2016-12-29,0.0,5.4,45.0,4.8,3.0,-3.5,0.4
2016-12-30,9.0,0.0,13.0,8.9,1.8,-1.1,0.0
2016-12-31,8.0,0.0,13.0,10.1,4.6,0.4,0.4
2017-01-01,8.0,0.0,13.0,5.5,7.5,4.8,6.4
2017-01-02,1.0,5.0,44.0,5.8,3.6,1.8,0.0
2017-01-03,3.0,2.5,32.0,8.6,1.4,-2.9,0.2
2017-01-04,5.0,0.0,13.0,6.2,3.9,-0.9,0.0
2017-01-05,1.0,5.3,46.0,8.3,1.9,-2.3,0.0
2017-01-06,7.0,2.0,30.0,10.8,2.5,-3.2,6.4
2017-01-07,8.0,0.0,13.0,9.8,6.2,1.5,0.0
2017-01-08,8.0,0.0,13.0,9.9,8.7,7.5,1.4
2017-01-09,7.0,0.0,14.0,10.1,8.7,7.5,3.0
2017-01-10,5.0,1.4,27.0,11.2,6.1,2.1,0.0
2017-01-11,6.0,1.0,24.0,6.8,8.3,5.4,0.0
2017-01-12,8.0,0.0,14.0,6.5,5.8,4.9,15.6
2017-01-13,4.0,1.5,29.0,5.0,3.5,0.5,0.2
2017-01-14,4.0,0.7,23.0,9.0,2.2,-0.5,3.4
2017-01-15,7.0,0.0,15.0,5.1,5.0,1.0,5.8
2017-01-16,8.0,0.0,15.0,6.6,4.8,4.4,2.2
2017-01-17,3.0,5.9,55.0,6.0,3.3,0.0,0.0
2017-01-18,2.0,6.1,56.0,7.1,1.4,-3.3,0.0
2017-01-19,1.0,4.7,50.0,7.3,2.0,-3.0,0.0
2017-01-20,0.0,6.3,59.0,4.9,3.0,-1.2,0.0
2017-01-21,0.0,6.2,59.0,6.8,1.9,-1.1,0.0
2017-01-22,0.0,6.2,60.0,4.6,1.1,-4.5,0.0
2017-01-23,7.0,0.4,23.0,9.5,0.2,-4.2,0.2
2017-01-24,1.0,6.3,62.0,3.7,3.8,-2.0,0.0
2017-01-25,8.0,0.0,17.0,1.5,0.9,-1.9,0.2
2017-01-26,6.0,0.0,17.0,8.4,0.3,-0.9,0.0
2017-01-27,6.0,0.6,26.0,10.7,3.0,-2.4,0.0
2017-01-28,6.0,2.4,42.0,10.0,6.1,1.5,1.0
2017-01-29,6.0,0.0,18.0,8.6,5.9,1.8,10.4
2017-01-30,8.0,0.0,19.0,10.6,6.7,4.7,1.0
2017-01-31,8.0,0.0,19.0,11.9,8.1,5.5,2.8
2017-02-01,8.0,0.1,22.0,11.4,8.8,5.7,1.6
2017-02-02,8.0,0.0,20.0,10.8,10.2,9.1,1.8
2017-02-03,7.0,2.0,43.0,10.0,8.7,6.5,2.4
2017-02-04,4.0,2.8,50.0,5.6,6.0,1.9,0.6
2017-02-05,7.0,0.0,21.0,7.5,4.2,2.7,0.0
2017-02-06,5.0,1.8,43.0,10.8,3.5,-0.5,7.4
2017-02-07,7.0,4.8,66.0,5.2,5.8,0.8,0.0
2017-02-08,8.0,0.0,22.0,2.7,4.4,3.6,0.0
2017-02-09,8.0,0.0,22.0,2.3,2.4,2.0,0.4
2017-02-10,8.0,0.0,23.0,2.7,1.8,1.3,1.0
2017-02-11,8.0,0.0,23.0,6.1,1.6,0.6,0.8
2017-02-12,8.0,0.0,24.0,10.5,3.4,0.7,0.0
2017-02-13,2.0,7.6,91.0,12.9,6.2,1.9,0.0
2017-02-14,5.0,1.3,44.0,11.8,7.6,2.3,0.0
2017-02-15,7.0,0.1,28.0,12.3,8.0,4.1,1.4
2017-02-16,6.0,2.5,57.0,13.5,8.6,4.8,0.2
2017-02-17,5.0,4.1,72.0,12.9,10.3,7.1,0.0
2017-02-18,5.0,3.0,63.0,12.9,9.2,5.6,0.0
2017-02-19,6.0,0.9,43.0,18.1,8.0,3.1,0.0
2017-02-20,6.0,2.2,58.0,13.6,13.0,7.9,1.6
2017-02-21,8.0,0.0,28.0,14.0,11.7,9.8,0.0
2017-02-22,8.0,0.0,28.0,11.2,12.3,10.6,2.2
2017-02-23,7.0,3.3,71.0,9.8,10.0,8.8,0.0
2017-02-24,2.0,5.6,92.0,10.7,6.2,2.7,0.0
2017-02-25,8.0,0.0,30.0,12.7,7.8,4.8,1.4
2017-02-26,8.0,0.3,38.0,9.0,10.4,8.2,7.4
2017-02-27,7.0,0.8,47.0,8.0,8.2,7.4,6.6
2017-02-28,4.0,4.6,88.0,9.3,4.4,0.8,1.4
2017-03-01,7.0,0.1,39.0,11.7,6.2,3.2,0.6
2017-03-02,3.0,6.9,121.0,11.5,8.3,4.9,1.0
2017-03-03,7.0,0.0,36.0,12.3,8.2,4.8,5.0
2017-03-04,6.0,4.1,97.0,11.2,9.6,6.8,1.6
2017-03-05,7.0,2.3,77.0,10.7,8.3,5.4,3.2
2017-03-06,5.0,5.1,110.0,12.1,6.6,2.5,0.0
2017-03-07,7.0,5.7,117.0,14.9,8.1,4.1,2.2
2017-03-08,8.0,0.4,51.0,16.9,10.5,6.1,0.6
2017-03-09,6.0,7.8,141.0,12.6,12.8,8.8,0.0
2017-03-10,8.0,0.0,40.0,17.3,9.4,6.2,0.0
2017-03-11,7.0,2.4,85.0,12.2,12.9,8.6,0.0
2017-03-12,8.0,0.0,41.0,15.5,10.8,9.4,3.2
2017-03-13,2.0,8.9,158.0,14.8,10.7,5.9,0.0
2017-03-14,6.0,0.7,61.0,18.1,10.9,7.1,0.0
2017-03-15,3.0,8.3,156.0,12.5,13.0,7.9,0.0
2017-03-16,5.0,0.0,44.0,12.1,9.1,5.7,0.0
2017-03-17,6.0,3.0,100.0,14.7,8.1,4.1,0.4
2017-03-18,8.0,0.1,50.0,16.1,10.8,7.0,0.0
2017-03-19,8.0,0.5,61.0,12.8,13.8,11.6,0.8
2017-03-20,6.0,0.6,64.0,12.6,11.7,10.6,1.2
2017-03-21,3.0,7.7,160.0,11.3,8.2,3.7,0.6
2017-03-22,6.0,3.1,107.0,11.7,7.9,4.5,5.2
2017-03-23,6.0,1.8,89.0,13.5,8.5,5.3,0.0
2017-03-24,5.0,4.3,125.0,15.4,10.1,6.7,0.0
2017-03-25,0.0,11.5,206.0,16.2,9.9,4.4,0.0
2017-03-26,2.0,8.0,172.0,16.2,10.8,5.3,0.0
2017-03-27,3.0,8.0,174.0,17.5,11.2,6.3,0.0
2017-03-28,6.0,6.0,152.0,15.2,11.3,5.1,0.0
2017-03-29,7.0,0.1,57.0,21.7,13.1,10.9,0.0
2017-03-30,4.0,4.9,141.0,17.2,16.6,11.5,0.2
2017-03-31,4.0,4.0,130.0,16.1,14.1,11.0,0.0
2017-04-01,6.0,4.7,141.0,16.5,12.2,8.2,0.0
2017-04-02,2.0,10.9,216.0,17.4,11.6,6.6,0.0
2017-04-03,2.0,9.9,207.0,14.9,10.7,4.0,0.2
2017-04-04,8.0,0.0,56.0,15.4,11.8,8.7,0.0
2017-04-05,2.0,9.9,210.0,17.7,10.3,5.2,0.0
2017-04-06,1.0,12.0,235.0,17.9,11.8,5.9,0.0
2017-04-07,0.0,12.1,238.0,20.9,11.8,5.6,0.0
2017-04-08,0.0,12.0,239.0,25.4,12.8,4.8,0.0
2017-04-09,1.0,12.1,241.0,13.8,16.5,7.6,0.0
2017-04-10,5.0,5.7,166.0,16.7,11.1,8.4,0.0
2017-04-11,2.0,12.1,245.0,17.1,11.2,5.7,0.0
2017-04-12,5.0,5.1,161.0,15.4,11.4,5.8,0.0
2017-04-13,4.0,5.6,169.0,15.3,10.6,5.8,0.0
2017-04-14,8.0,0.8,89.0,15.7,10.8,6.4,0.0
2017-04-15,6.0,4.5,156.0,16.0,12.3,9.0,0.0
2017-04-16,6.0,3.9,147.0,12.5,10.9,5.8,0.6
2017-04-17,7.0,0.3,77.0,13.2,10.2,7.8,0.0
2017-04-18,2.0,10.5,238.0,14.5,8.9,4.6,0.0
2017-04-19,4.0,11.8,255.0,15.7,8.9,3.3,0.0
2017-04-20,7.0,3.5,145.0,15.7,10.8,5.9,0.4
2017-04-21,7.0,0.0,66.0,17.3,11.5,7.3,0.0
2017-04-22,4.0,5.4,177.0,16.8,12.9,8.6,0.0
2017-04-23,5.0,7.6,209.0,13.6,11.9,7.1,0.0
2017-04-24,6.0,2.0,122.0,11.8,9.2,4.8,0.2
2017-04-25,3.0,8.9,228.0,11.1,6.0,0.3,0.2
2017-04-26,4.0,5.0,175.0,11.1,6.7,2.2,1.4
2017-04-27,5.0,4.9,174.0,15.0,5.8,0.6,0.2
2017-04-28,8.0,1.4,112.0,16.7,11.2,7.3,0.0
2017-04-29,6.0,2.1,128.0,18.1,10.9,5.1,0.0
2017-04-30,6.0,1.5,116.0,14.3,13.4,8.7,1.4
2017-05-01,6.0,3.2,150.0,18.4,11.2,8.0,1.0
2017-05-02,4.0,5.3,186.0,12.3,12.7,6.9,0.2
2017-05-03,8.0,0.1,79.0,14.9,9.9,7.5,1.0
2017-05-04,8.0,0.3,87.0,16.9,12.1,9.2,0.0
2017-05-05,5.0,8.6,236.0,15.5,12.4,8.0,0.0
2017-05-06,7.0,1.4,118.0,18.7,12.4,9.4,0.0
2017-05-07,5.0,6.7,211.0,12.1,13.6,8.4,0.0
2017-05-08,7.0,0.0,74.0,14.9,9.8,7.5,0.0
2017-05-09,5.0,5.6,197.0,19.2,10.7,6.5,0.0
2017-05-10,1.0,13.1,299.0,22.5,12.1,5.0,0.0
2017-05-11,5.0,2.4,142.0,20.0,14.8,7.2,2.0
2017-05-12,6.0,4.0,173.0,19.6,16.2,12.4,0.6
2017-05-13,6.0,4.8,187.0,20.9,15.6,11.6,3.2
2017-05-14,4.0,8.1,238.0,20.9,16.4,11.8,0.4
2017-05-15,8.0,0.0,77.0,25.0,15.2,9.6,0.0
2017-05-16,7.0,4.4,182.0,17.7,19.2,13.5,14.8
2017-05-17,8.0,0.0,78.0,16.5,16.4,15.0,18.6
2017-05-18,7.0,3.9,175.0,16.2,13.1,9.6,9.8
2017-05-19,7.0,2.2,143.0,16.7,12.9,9.7,0.4
2017-05-20,5.0,6.6,220.0,20.7,11.7,6.7,0.4
2017-05-21,3.0,12.7,305.0,24.9,14.7,8.6,0.0
2017-05-22,3.0,9.7,266.0,21.3,18.0,11.1,0.0
2017-05-23,4.0,4.1,181.0,26.3,16.0,10.7,0.0
2017-05-24,1.0,11.1,286.0,27.0,19.4,12.6,0.0
2017-05-25,1.0,12.8,309.0,27.8,20.5,14.0,0.0
2017-05-26,0.0,14.3,,24.0,20.7,13.6,0.0
2017-05-27,3.0,7.5,237.0,23.9,19.8,15.6,0.0
2017-05-28,4.0,6.1,216.0,20.7,17.7,11.5,12.2
2017-05-29,8.0,0.0,81.0,20.8,17.2,13.8,0.2
2017-05-30,7.0,3.0,163.0,23.0,17.5,14.2,0.0
2017-05-31,4.0,2.8,160.0,25.5,17.9,12.7,0.0
2017-06-01,1.0,11.1,290.0,24.8,18.9,12.3,0.0
2017-06-02,5.0,4.2,188.0,21.5,19.4,13.9,6.8
2017-06-03,5.0,10.1,278.0,20.3,18.2,14.9,0.0
2017-06-04,4.0,6.6,228.0,18.7,14.8,9.4,0.0
2017-06-05,7.0,2.6,158.0,17.7,15.1,11.4,18.8
2017-06-06,6.0,3.0,167.0,20.9,13.8,9.9,2.6
2017-06-07,5.0,7.9,248.0,18.0,15.6,10.3,0.8
2017-06-08,8.0,0.0,80.0,21.2,15.6,13.1,1.0
2017-06-09,5.0,6.6,229.0,23.8,16.6,12.0,0.0
2017-06-10,4.0,10.1,280.0,23.9,18.8,13.7,0.0
2017-06-11,5.0,8.4,257.0,20.9,20.1,16.4,0.0
2017-06-12,5.0,3.2,172.0,24.8,16.6,12.3,0.0
2017-06-13,3.0,9.9,278.0,27.1,17.5,10.2,0.0
2017-06-14,1.0,13.2,,25.1,20.4,13.6,0.0
2017-06-15,2.0,12.4,,24.3,20.0,14.9,0.0
2017-06-16,2.0,9.9,278.0,30.1,17.9,11.4,0.0
2017-06-17,1.0,12.4,,31.7,22.4,14.6,0.0
2017-06-18,2.0,10.0,280.0,32.0,24.5,17.3,0.0
2017-06-19,1.0,10.0,280.0,31.4,25.5,19.0,0.0
2017-06-20,1.0,11.1,295.0,34.5,25.4,19.3,0.0
2017-06-21,1.0,12.5,,24.1,25.5,16.5,0.0
2017-06-22,5.0,1.6,138.0,24.9,21.1,18.2,0.0
2017-06-23,5.0,7.1,238.0,24.1,19.0,13.1,0.0
2017-06-24,7.0,0.6,110.0,24.2,20.6,17.1,0.0
2017-06-25,7.0,2.1,149.0,24.5,19.5,14.8,0.0
2017-06-26,5.0,10.1,281.0,21.2,18.6,12.7,0.0
2017-06-27,7.0,0.1,89.0,17.3,17.9,14.6,16.2
2017-06-28,8.0,0.0,81.0,18.7,15.9,14.6,0.0
2017-06-29,8.0,0.5,106.0,22.0,15.4,12.1,0.0
2017-06-30,7.0,7.0,236.0,23.3,18.0,14.0,0.2
2017-07-01,7.0,3.6,179.0,23.6,18.9,14.5,0.2
2017-07-02,3.0,12.6,41.0,25.1,19.0,14.4,0.0
2017-07-03,5.0,4.8,200.0,24.6,19.9,14.7,0.0
2017-07-04,3.0,9.1,265.0,29.5,19.0,13.4,0.0
2017-07-05,0.0,13.9,38.0,32.2,22.0,14.5,0.0
2017-07-06,5.0,10.3,281.0,30.1,25.4,18.5,0.0
2017-07-07,4.0,12.0,303.0,26.7,23.6,17.0,0.0
2017-07-08,6.0,7.6,242.0,28.4,22.2,17.7,0.0
2017-07-09,5.0,7.0,233.0,26.4,23.1,17.7,0.0
2017-07-10,3.0,10.4,280.0,19.6,21.1,15.9,0.0
2017-07-11,8.0,0.0,79.0,22.4,17.1,14.7,36.8
2017-07-12,6.0,5.3,205.0,23.2,18.3,14.2,0.0
2017-07-13,7.0,6.8,228.0,21.8,18.3,13.4,0.0
2017-07-14,6.0,4.3,187.0,22.5,18.1,14.4,0.0
2017-07-15,8.0,0.0,78.0,25.4,18.8,15.1,0.4
2017-07-16,7.0,1.4,128.0,26.9,20.9,16.3,0.4
2017-07-17,5.0,11.2,287.0,26.9,21.1,15.2,0.0
2017-07-18,6.0,7.3,233.0,22.7,21.9,16.9,4.4
2017-07-19,7.0,1.6,132.0,21.6,20.4,18.1,0.4
2017-07-20,6.0,3.0,161.0,22.8,19.5,17.4,0.0
2017-07-21,4.0,6.5,219.0,19.2,17.6,12.3,13.8
2017-07-22,7.0,3.1,162.0,20.6,16.3,13.4,9.6
2017-07-23,6.0,3.8,174.0,19.4,15.9,11.2,0.8
2017-07-24,7.0,0.2,88.0,22.9,16.8,14.1,0.0
2017-07-25,4.0,8.8,249.0,22.1,17.9,13.0,0.2
2017-07-26,6.0,0.6,102.0,22.2,18.3,14.5,1.6
2017-07-27,7.0,3.2,161.0,22.2,18.1,14.0,7.0
2017-07-28,7.0,1.2,118.0,20.4,17.9,13.7,1.2
2017-07-29,7.0,4.0,174.0,21.5,17.6,14.8,13.2
2017-07-30,7.0,5.3,195.0,22.7,18.1,14.6,0.0
2017-07-31,2.0,9.1,248.0,22.4,17.9,13.1,0.0
2017-08-01,5.0,6.3,208.0,19.3,17.4,12.5,0.8
2017-08-02,8.0,0.0,72.0,21.8,16.9,14.5,7.2
2017-08-03,7.0,3.3,158.0,22.9,18.6,15.5,0.0
2017-08-04,6.0,6.7,212.0,20.8,18.9,14.8,0.0
2017-08-05,4.0,8.7,238.0,22.8,17.7,14.6,0.4
2017-08-06,2.0,8.6,236.0,21.1,16.7,10.6,0.0
2017-08-07,7.0,0.7,99.0,17.0,17.1,13.1,0.2
2017-08-08,8.0,0.3,86.0,16.1,16.0,15.0,3.4
2017-08-09,8.0,0.0,69.0,21.0,14.6,13.0,19.6
2017-08-10,5.0,7.7,219.0,22.6,16.6,12.2,0.0
2017-08-11,3.0,8.5,229.0,22.5,16.2,9.9,0.0
2017-08-12,7.0,4.3,168.0,22.7,19.6,16.6,0.0
2017-08-13,2.0,12.4,274.0,23.5,17.5,12.3,0.0
2017-08-14,4.0,6.6,200.0,24.2,17.1,10.7,0.0
2017-08-15,5.0,7.8,215.0,23.6,19.7,15.2,0.0
2017-08-16,5.0,4.7,170.0,24.8,17.6,11.5,3.8
2017-08-17,5.0,4.8,171.0,20.3,20.1,15.4,3.8
2017-08-18,5.0,7.2,204.0,20.8,17.6,15.0,7.0
2017-08-19,4.0,9.0,225.0,21.5,16.8,12.7,0.0
2017-08-20,4.0,6.3,189.0,19.7,15.6,9.7,6.8
2017-08-21,8.0,0.0,63.0,23.1,16.6,13.6,0.0
2017-08-22,8.0,0.5,84.0,22.4,19.4,15.8,0.2
2017-08-23,5.0,1.4,106.0,21.5,19.1,15.9,0.0
2017-08-24,3.0,5.9,179.0,24.0,17.2,12.9,0.0
2017-08-25,2.0,11.6,246.0,24.7,18.2,12.5,0.0
2017-08-26,5.0,7.6,198.0,26.3,19.3,13.9,0.0
2017-08-27,3.0,9.3,217.0,27.7,21.1,15.9,0.0
2017-08-28,0.0,12.0,246.0,26.1,21.1,14.6,0.0
2017-08-29,5.0,3.6,140.0,15.1,21.2,16.4,0.2
2017-08-30,8.0,0.2,69.0,20.3,14.4,13.8,3.6
2017-08-31,2.0,8.9,207.0,21.9,14.6,8.8,1.6
2017-09-01,3.0,9.2,200.0,22.0,15.8,9.7,0.0
2017-09-02,1.0,9.8,205.0,18.1,16.0,10.0,0.0
2017-09-03,6.0,0.1,61.0,22.6,14.5,10.9,6.4
2017-09-04,8.0,0.9,83.0,21.3,17.9,13.2,0.2
2017-09-05,7.0,1.1,86.0,19.4,18.6,16.0,1.2
2017-09-06,5.0,5.0,144.0,19.9,15.3,11.3,0.0
2017-09-07,8.0,2.7,112.0,19.6,15.6,11.2,3.4
2017-09-08,6.0,2.3,104.0,18.6,17.1,14.5,3.6
2017-09-09,4.0,6.9,163.0,17.4,14.3,10.0,7.2
2017-09-10,6.0,2.6,107.0,19.8,13.0,8.6,0.8
2017-09-11,5.0,5.0,138.0,19.6,15.4,11.1,0.6
2017-09-12,4.0,7.6,166.0,19.0,14.9,10.3,2.6
2017-09-13,4.0,8.1,169.0,18.1,15.6,12.1,0.0
2017-09-14,4.0,5.6,141.0,16.8,13.0,7.9,0.0
2017-09-15,5.0,5.2,135.0,15.9,11.9,7.1,0.2
2017-09-16,7.0,2.8,104.0,17.3,12.1,8.2,0.2
2017-09-17,7.0,3.3,109.0,17.4,12.8,8.4,0.4
2017-09-18,6.0,3.3,108.0,16.3,13.2,9.1,3.6
2017-09-19,3.0,6.5,143.0,18.3,12.3,8.3,0.0
2017-09-20,6.0,1.0,72.0,18.0,13.8,9.2,0.0
2017-09-21,7.0,1.2,74.0,19.0,16.0,14.0,2.8
2017-09-22,2.0,8.7,160.0,19.5,12.6,6.2,0.0
2017-09-23,6.0,1.2,72.0,22.8,15.3,11.2,0.0
2017-09-24,5.0,7.7,148.0,18.2,16.8,10.8,6.4
2017-09-25,8.0,0.0,42.0,21.1,16.6,14.9,0.0
2017-09-26,5.0,3.7,103.0,20.9,17.5,13.9,0.0
2017-09-27,7.0,1.1,67.0,20.5,16.4,12.0,15.2
2017-09-28,6.0,4.5,110.0,18.9,17.8,15.0,1.8
2017-09-29,7.0,0.6,57.0,17.6,16.4,13.8,0.4
2017-09-30,7.0,2.4,83.0,18.4,14.2,10.9,2.0
2017-10-01,8.0,0.0,39.0,18.1,16.1,13.7,0.0
2017-10-02,7.0,3.8,97.0,17.3,15.9,13.8,0.0
2017-10-03,3.0,6.5,122.0,16.7,12.9,8.6,0.0
2017-10-04,7.0,1.1,61.0,17.4,12.8,8.9,0.6
2017-10-05,4.0,7.5,128.0,15.9,15.1,12.7,0.0
2017-10-06,4.0,8.0,130.0,17.3,12.1,8.2,0.0
2017-10-07,7.0,0.0,35.0,17.6,13.5,9.7,0.4
2017-10-08,6.0,2.9,80.0,17.7,14.1,10.6,0.0
2017-10-09,7.0,0.9,54.0,17.0,13.8,10.0,0.0
2017-10-10,7.0,0.5,47.0,17.3,13.8,10.6,0.0
2017-10-11,7.0,0.5,46.0,17.9,15.6,13.9,1.0
2017-10-12,6.0,5.5,100.0,19.6,13.3,8.8,0.0
2017-10-13,7.0,0.0,32.0,20.0,15.2,10.8,0.0
2017-10-14,6.0,0.3,40.0,20.2,17.9,15.7,0.0
2017-10-15,2.0,3.5,79.0,22.4,15.3,10.4,0.0
2017-10-16,5.0,2.5,68.0,15.0,17.0,11.6,0.0
2017-10-17,4.0,1.6,57.0,15.6,12.8,10.7,0.2
2017-10-18,8.0,0.0,29.0,17.1,13.4,11.2,1.2
2017-10-19,8.0,0.0,29.0,16.2,14.5,11.9,2.4
2017-10-20,7.0,2.3,62.0,16.3,14.1,12.0,2.2
2017-10-21,7.0,4.8,83.0,14.2,14.2,12.0,0.4
2017-10-22,6.0,4.5,79.0,17.0,11.7,9.2,0.0
2017-10-23,8.0,0.0,27.0,19.4,13.4,9.8,0.2
2017-10-24,8.0,0.2,32.0,18.8,16.1,12.9,0.2
2017-10-25,6.0,5.6,84.0,16.0,16.6,14.3,0.0
2017-10-26,7.0,0.0,25.0,15.3,12.1,8.2,0.4
2017-10-27,2.0,8.2,99.0,16.6,11.8,8.3,0.0
2017-10-28,2.0,3.0,61.0,13.9,10.8,5.1,0.0
2017-10-29,5.0,2.8,58.0,12.9,11.3,8.7,0.0
2017-10-30,2.0,7.7,92.0,13.6,8.0,3.1,0.0
2017-10-31,6.0,0.4,32.0,16.0,9.4,5.2,0.0
2017-11-01,5.0,1.5,44.0,12.4,11.7,7.4,0.2
2017-11-02,5.0,0.4,31.0,14.6,7.5,2.6,0.0
2017-11-03,4.0,3.9,62.0,13.5,10.2,5.9,4.2
2017-11-04,7.0,0.5,31.0,10.9,10.7,7.9,0.8
2017-11-05,2.0,4.9,67.0,12.1,6.8,2.8,0.0
2017-11-06,1.0,6.9,78.0,12.3,6.5,0.8,0.2
2017-11-07,8.0,0.0,21.0,9.9,8.1,3.8,5.4
2017-11-08,5.0,0.3,27.0,14.1,7.6,5.3,0.0
2017-11-09,7.0,1.0,34.0,13.3,7.6,1.1,0.0
2017-11-10,6.0,3.4,53.0,10.2,10.4,7.5,7.6
2017-11-11,8.0,0.5,28.0,8.7,8.5,6.8,3.0
2017-11-12,6.0,3.3,51.0,9.1,7.5,6.3,0.0
2017-11-13,4.0,3.3,50.0,11.5,5.3,1.5,0.2
2017-11-14,8.0,0.0,18.0,11.9,7.7,3.8,0.4
2017-11-15,8.0,0.0,18.0,14.8,10.4,9.0,0.0
2017-11-16,7.0,1.6,36.0,10.8,12.2,9.5,0.2
2017-11-17,3.0,5.8,61.0,9.1,5.7,0.6,0.0
2017-11-18,7.0,0.0,17.0,10.5,5.7,2.2,4.0
2017-11-19,4.0,3.5,47.0,12.7,6.8,3.0,1.2
2017-11-20,8.0,0.0,17.0,14.2,8.4,4.1,0.8
2017-11-21,8.0,0.1,19.0,15.9,12.3,10.4,0.0
2017-11-22,7.0,0.1,19.0,12.0,14.1,12.2,2.8
2017-11-23,6.0,5.4,55.0,7.6,10.2,8.3,0.0
2017-11-24,6.0,0.3,21.0,7.8,6.5,5.5,0.0
2017-11-25,3.0,6.1,57.0,10.1,3.2,-1.3,0.2
2017-11-26,2.0,5.3,52.0,10.2,5.5,1.0,2.4
2017-11-27,7.0,0.2,19.0,7.2,6.5,2.9,0.6
2017-11-28,4.0,4.1,45.0,6.2,4.8,2.5,0.0
2017-11-29,5.0,0.1,17.0,4.3,4.0,1.8,0.0
2017-11-30,4.0,4.2,45.0,7.2,1.9,-0.4,0.0
2017-12-01,6.0,3.5,39.0,7.5,4.0,0.8,0.0
2017-12-02,8.0,0.0,13.0,10.4,5.0,2.5,0.4
2017-12-03,8.0,0.0,13.0,10.0,6.7,3.0,0.2
2017-12-04,7.0,0.0,13.0,9.4,7.0,4.0,0.0
2017-12-05,8.0,0.0,13.0,11.6,8.1,6.8,0.0
2017-12-06,8.0,0.0,13.0,12.5,9.7,7.7,0.2
2017-12-07,5.0,0.9,22.0,4.6,10.8,9.0,2.8
2017-12-08,2.0,4.1,39.0,4.0,3.5,2.3,0.0
2017-12-09,3.0,3.7,37.0,2.6,1.3,-1.4,12.0
2017-12-10,8.0,0.0,12.0,3.5,1.3,0.0,11.2
2017-12-11,6.0,0.0,12.0,8.0,1.9,0.4,5.0
2017-12-12,3.0,4.4,40.0,9.7,2.3,-3.4,3.2
2017-12-13,7.0,0.1,14.0,6.9,3.9,-1.9,7.2
2017-12-14,2.0,4.0,38.0,5.7,4.8,2.6,1.4
2017-12-15,4.0,4.1,38.0,6.0,3.3,0.9,0.0
2017-12-16,3.0,2.2,29.0,9.5,3.0,0.0,0.2
2017-12-17,6.0,0.0,12.0,7.9,4.1,-1.3,3.2
2017-12-18,0.0,4.7,41.0,8.4,4.5,1.0,0.0
2017-12-19,5.0,2.9,32.0,11.0,3.0,-2.3,0.4
2017-12-20,8.0,0.0,12.0,12.0,6.0,0.9,0.0
2017-12-21,8.0,0.0,12.0,11.8,10.2,8.3,0.2
2017-12-22,8.0,0.0,12.0,9.8,10.3,8.9,0.0
2017-12-23,8.0,0.0,12.0,10.7,9.1,8.3,0.0
2017-12-24,8.0,0.0,12.0,11.0,9.3,8.0,0.2
2017-12-25,8.0,0.0,12.0,8.0,9.8,8.6,5.4
2017-12-26,5.0,2.3,29.0,3.5,5.8,3.5,10.4
2017-12-27,6.0,0.0,12.0,6.7,2.6,1.7,1.4
2017-12-28,0.0,5.4,44.0,12.5,2.9,-1.0,3.8
2017-12-29,6.0,1.0,22.0,14.4,5.1,-2.3,5.6
2017-12-30,8.0,0.5,18.0,11.6,9.7,5.0,4.6
2017-12-31,7.0,0.0,13.0,8.0,10.3,9.0,2.2
2018-01-01,6.0,0.2,16.0,12.3,6.7,5.4,0.0
2018-01-02,6.0,0.0,13.0,10.8,7.9,3.5,10.6
2018-01-03,6.0,1.3,25.0,12.9,8.2,5.7,8.2
2018-01-04,6.0,0.1,15.0,9.1,9.5,6.1,2.0
2018-01-05,6.0,2.3,31.0,5.8,7.2,5.3,0.2
2018-01-06,6.0,0.9,23.0,6.2,3.4,0.9,0.0
2018-01-07,2.0,4.8,44.0,5.1,3.5,0.9,0.0
2018-01-08,8.0,0.0,13.0,8.8,3.5,1.9,0.0
2018-01-09,8.0,0.0,14.0,10.4,6.3,3.9,0.4
2018-01-10,6.0,2.5,34.0,7.5,7.5,4.5,0.0
2018-01-11,8.0,0.0,14.0,7.3,5.0,2.6,0.2
2018-01-12,8.0,0.0,14.0,8.4,6.6,5.9,0.2
2018-01-13,8.0,0.5,21.0,9.0,6.8,5.3,0.0
2018-01-14,8.0,0.0,14.0,11.4,6.5,4.1,2.8
2018-01-15,6.0,0.8,24.0,8.3,7.8,4.3,2.4
2018-01-16,5.0,4.0,45.0,11.7,6.7,5.1,0.0
2018-01-17,3.0,5.3,52.0,9.5,6.8,2.0,0.4
2018-01-18,4.0,3.8,45.0,6.8,6.8,4.0,0.0
2018-01-19,1.0,5.4,54.0,4.8,3.4,0.0,1.4
2018-01-20,8.0,0.0,16.0,10.8,3.1,1.5,4.0
2018-01-21,8.0,0.0,16.0,10.8,5.9,1.0,13.6
2018-01-22,8.0,0.7,25.0,13.3,6.0,1.2,0.2
2018-01-23,8.0,0.0,17.0,13.3,10.2,7.2,0.2
2018-01-24,8.0,0.0,17.0,10.9,11.3,9.3,7.0
2018-01-25,2.0,5.1,57.0,8.7,8.6,6.3,0.0
2018-01-26,6.0,1.9,37.0,11.5,5.2,1.7,0.0
2018-01-27,7.0,0.0,18.0,13.4,7.2,3.0,0.8
2018-01-28,6.0,0.4,25.0,13.5,9.4,5.5,0.0
2018-01-29,6.0,0.8,29.0,10.3,11.8,10.2,0.4
2018-01-30,4.0,3.8,53.0,8.8,4.4,-1.5,0.6
2018-01-31,5.0,1.9,40.0,7.5,5.0,1.1,2.4
2018-02-01,6.0,3.5,52.0,8.0,4.9,2.3,0.0
2018-02-02,6.0,2.3,44.0,4.1,5.8,3.7,0.4
2018-02-03,8.0,0.0,20.0,5.7,3.8,3.4,5.4
2018-02-04,6.0,1.1,35.0,4.9,4.0,2.2,0.0
2018-02-05,6.0,2.3,47.0,3.9,2.8,0.6,0.0
2018-02-06,6.0,3.5,56.0,6.2,2.5,1.2,0.0
2018-02-07,6.0,4.6,65.0,7.7,3.0,-0.3,0.0
2018-02-08,5.0,1.6,43.0,6.0,2.6,-2.4,5.4
2018-02-09,6.0,1.1,38.0,10.0,3.0,0.0,0.0
2018-02-10,6.0,0.0,23.0,7.6,4.1,-1.8,3.4
2018-02-11,2.0,5.8,77.0,7.5,4.8,2.1,0.0
2018-02-12,2.0,5.7,78.0,5.9,3.1,-1.2,0.2
2018-02-13,7.0,0.0,24.0,8.3,3.8,1.6,2.4
2018-02-14,7.0,0.5,34.0,10.2,3.4,-1.6,5.0
2018-02-15,2.0,5.2,78.0,10.5,5.9,1.6,0.0
2018-02-16,2.0,7.5,95.0,10.9,5.2,-0.1,0.0
2018-02-17,5.0,7.3,95.0,10.6,6.3,1.7,0.0
2018-02-18,6.0,1.3,47.0,11.4,6.0,1.5,1.0
2018-02-19,8.0,0.0,27.0,9.8,8.4,5.4,1.4
2018-02-20,8.0,0.8,42.0,7.0,8.6,7.3,0.6
2018-02-21,7.0,1.7,53.0,5.8,4.7,2.4,0.0
2018-02-22,4.0,3.6,73.0,4.7,3.7,1.6,0.0
2018-02-23,6.0,0.4,38.0,6.5,1.9,-0.8,0.0
2018-02-24,1.0,8.9,116.0,5.0,2.4,-1.7,0.0
2018-02-25,2.0,9.5,122.0,2.6,2.1,-0.7,0.4
2018-02-26,6.0,3.1,72.0,1.4,0.8,-0.9,0.4
2018-02-27,4.0,5.4,94.0,-1.2,-1.2,-3.8,1.0
2018-02-28,6.0,5.3,94.0,0.3,-3.3,-5.4,2.0
2018-03-01,8.0,0.0,35.0,1.7,-2.4,-5.1,0.0
2018-03-02,8.0,0.0,35.0,7.0,-1.0,-3.7,0.4
2018-03-03,8.0,0.0,36.0,9.9,2.8,-1.5,0.8
2018-03-04,7.0,0.6,52.0,10.7,5.8,1.6,0.2
2018-03-05,6.0,1.4,65.0,10.3,7.3,3.9,1.2
2018-03-06,7.0,1.2,63.0,11.2,7.7,5.1,3.8
2018-03-07,5.0,4.4,104.0,11.0,7.9,4.6,1.6
2018-03-08,5.0,6.7,129.0,11.3,7.5,4.1,0.0
2018-03-09,7.0,0.0,39.0,14.2,5.9,0.5,6.4
2018-03-10,7.0,0.1,45.0,12.8,9.8,5.5,0.2
2018-03-11,8.0,1.3,69.0,10.8,9.2,5.6,5.4
2018-03-12,8.0,0.0,41.0,11.4,9.4,8.0,5.0
2018-03-13,5.0,4.1,108.0,13.6,8.2,5.0,0.0
2018-03-14,4.0,3.7,105.0,13.6,7.4,1.2,8.6
2018-03-15,7.0,2.7,93.0,13.8,10.7,7.7,0.2
2018-03-16,6.0,5.1,124.0,0.8,10.7,7.6,2.0
2018-03-17,8.0,0.0,44.0,0.7,0.5,0.2,2.4
2018-03-18,8.0,0.0,45.0,5.4,-0.3,-1.4,1.0
2018-03-19,5.0,5.4,132.0,8.8,1.9,-1.5,0.4
2018-03-20,6.0,3.4,109.0,11.2,4.5,0.3,0.0
2018-03-21,2.0,9.7,181.0,12.0,4.7,-1.9,0.0
2018-03-22,7.0,4.2,122.0,13.6,8.2,4.4,0.0
2018-03-23,7.0,3.1,108.0,9.8,9.9,6.2,2.4
2018-03-24,8.0,0.0,49.0,12.3,8.2,6.5,0.0
2018-03-25,7.0,0.0,49.0,13.2,9.8,7.2,0.0
2018-03-26,6.0,6.1,150.0,15.4,9.1,5.0,4.6
2018-03-27,7.0,1.7,91.0,9.6,10.3,5.2,5.8
2018-03-28,7.0,1.6,90.0,9.1,7.2,4.8,6.2
2018-03-29,6.0,2.5,106.0,7.9,5.2,1.2,8.0
2018-03-30,8.0,0.2,62.0,9.7,5.5,3.1,12.8
2018-03-31,8.0,1.1,84.0,9.6,6.7,3.7,1.8
2018-04-01,8.0,0.0,54.0,12.2,7.0,4.3,12.2
2018-04-02,8.0,0.1,60.0,13.7,8.0,3.7,4.2
2018-04-03,7.0,0.4,70.0,12.0,11.2,8.7,0.4
2018-04-04,7.0,1.1,87.0,10.8,9.4,6.8,0.2
2018-04-05,4.0,9.0,200.0,16.9,7.7,4.5,0.0
2018-04-06,2.0,8.5,196.0,17.9,10.4,4.0,0.0
2018-04-07,6.0,1.0,88.0,11.3,13.2,8.4,1.2
2018-04-08,8.0,0.0,58.0,9.7,10.2,9.1,9.4
2018-04-09,8.0,0.0,59.0,14.4,8.9,8.2,9.4
2018-04-10,8.0,0.3,72.0,10.3,11.3,8.3,5.8
2018-04-11,8.0,0.0,60.0,10.2,8.8,7.2,0.4
2018-04-12,8.0,0.0,61.0,13.1,8.5,6.8,0.2
2018-04-13,8.0,0.0,61.0,19.3,9.8,6.4,0.0
2018-04-14,4.0,8.6,209.0,15.2,13.7,8.0,0.0
2018-04-15,7.0,0.7,87.0,15.9,11.9,8.7,0.6
2018-04-16,5.0,6.3,182.0,19.0,11.9,8.0,0.0
2018-04-17,7.0,2.3,122.0,24.6,14.5,10.0,0.0
2018-04-18,0.0,12.6,263.0,28.5,17.2,9.9,0.0
2018-04-19,0.0,12.6,264.0,25.8,19.9,11.2,0.0
2018-04-20,0.0,12.9,269.0,24.1,18.8,11.7,0.0
2018-04-21,4.0,6.5,191.0,23.6,18.0,11.9,10.8
2018-04-22,3.0,8.7,222.0,16.7,17.8,12.0,0.0
2018-04-23,4.0,4.6,166.0,17.3,12.2,7.7,0.0
2018-04-24,8.0,0.0,67.0,15.8,14.3,11.3,0.2
2018-04-25,4.0,8.3,220.0,16.1,11.8,7.8,0.4
2018-04-26,3.0,8.9,229.0,12.4,11.3,6.6,2.4
2018-04-27,7.0,0.0,69.0,9.1,9.7,7.0,3.8
2018-04-28,8.0,0.0,69.0,8.0,8.4,7.8,0.2
2018-04-29,8.0,0.0,70.0,10.6,7.3,6.7,2.2
2018-04-30,8.0,0.0,70.0,14.8,8.0,5.4,1.2
2018-05-01,4.0,7.9,222.0,15.0,8.6,2.3,1.0
2018-05-02,5.0,4.0,165.0,18.1,11.9,8.9,3.8
2018-05-03,3.0,10.5,259.0,20.0,10.8,3.6,0.0
2018-05-04,4.0,8.4,232.0,22.8,14.1,8.1,0.0
2018-05-05,0.0,13.6,299.0,26.3,15.5,8.2,0.0
2018-05-06,0.0,13.4,298.0,28.1,17.7,9.1,0.0
2018-05-07,0.0,13.4,299.0,26.5,19.6,11.0,0.0
2018-05-08,2.0,11.4,276.0,20.8,19.1,11.8,0.0
2018-05-09,3.0,10.1,260.0,18.0,14.8,8.7,1.4
2018-05-10,5.0,9.4,252.0,18.0,13.9,9.9,0.0
2018-05-11,4.0,5.8,201.0,15.0,12.2,6.3,0.0
2018-05-12,7.0,0.5,98.0,18.6,12.7,10.3,9.2
2018-05-13,5.0,5.7,201.0,21.0,13.5,8.4,0.0
2018-05-14,1.0,11.1,278.0,23.2,14.8,8.5,0.0
2018-05-15,0.0,13.7,312.0,16.0,16.6,9.9,0.0
2018-05-16,6.0,2.1,139.0,18.0,13.8,11.7,0.0
2018-05-17,2.0,13.4,310.0,18.7,12.4,6.8,0.0
2018-05-18,2.0,12.5,300.0,22.2,12.1,5.4,0.0
2018-05-19,1.0,13.8,39.0,22.0,14.9,7.7,0.0
2018-05-20,0.0,13.8,39.0,22.7,15.1,8.1,0.0
2018-05-21,4.0,6.7,222.0,23.5,15.9,9.1,0.0
2018-05-22,2.0,13.6,39.0,19.1,17.9,12.2,0.0
2018-05-23,6.0,6.1,214.0,19.3,14.8,10.6,20.6
2018-05-24,7.0,1.1,120.0,18.8,14.9,10.5,1.0
2018-05-25,7.0,1.1,120.0,26.6,15.2,11.5,0.0
2018-05-26,6.0,8.2,247.0,27.4,20.6,14.5,10.8
2018-05-27,4.0,8.4,250.0,24.8,21.3,15.2,0.0
2018-05-28,4.0,6.8,227.0,17.9,20.2,15.6,0.0
2018-05-29,7.0,0.0,81.0,19.4,15.9,13.9,10.6
2018-05-30,7.0,0.0,82.0,23.5,16.3,13.2,0.0
2018-05-31,6.0,1.8,139.0,24.0,18.7,13.9,0.0
2018-06-01,7.0,3.0,165.0,24.4,19.9,15.8,0.0
2018-06-02,4.0,6.4,224.0,27.0,19.6,14.9,0.0
2018-06-03,2.0,9.0,263.0,19.8,20.1,13.3,0.0
2018-06-04,6.0,0.3,97.0,18.8,17.4,15.1,0.0
2018-06-05,6.0,5.4,209.0,23.0,15.4,12.1,0.0
2018-06-06,2.0,11.6,299.0,21.4,16.0,9.0,0.0
2018-06-07,8.0,0.4,102.0,23.0,17.1,12.9,0.0
2018-06-08,6.0,6.3,225.0,21.9,18.5,14.0,0.0
2018-06-09,7.0,3.9,184.0,24.0,17.5,13.1,0.0
2018-06-10,5.0,9.0,265.0,25.4,19.0,14.0,0.0
2018-06-11,3.0,12.1,37.0,18.6,18.9,12.3,0.0
2018-06-12,4.0,3.3,174.0,23.3,15.7,12.8,0.0
2018-06-13,3.0,6.9,235.0,23.9,16.4,9.4,0.0
2018-06-14,6.0,5.9,219.0,23.4,19.2,14.5,0.0
2018-06-15,4.0,9.2,269.0,20.5,17.4,11.5,0.0
2018-06-16,7.0,2.6,160.0,20.1,17.2,13.9,0.2
2018-06-17,7.0,1.2,127.0,26.6,16.6,13.1,0.2
2018-06-18,6.0,7.5,244.0,24.8,20.6,14.6,0.0
2018-06-19,7.0,2.1,149.0,26.1,21.0,17.2,0.0
2018-06-20,5.0,4.2,191.0,20.6,20.4,14.7,0.0
2018-06-21,2.0,12.1,40.0,22.9,15.7,10.7,0.0
2018-06-22,0.0,14.1,41.0,24.1,15.8,8.8,0.0
2018-06-23,3.0,10.4,285.0,26.5,17.9,11.6,0.0
2018-06-24,6.0,14.0,37.0,29.8,19.8,13.1,0.0
2018-06-25,1.0,14.4,40.0,29.1,21.9,13.9,0.0
2018-06-26,0.0,14.5,40.0,27.9,22.1,15.2,0.0
2018-06-27,2.0,10.7,289.0,28.3,20.4,13.0,0.0
2018-06-28,3.0,7.3,241.0,28.8,20.5,12.7,0.0
2018-06-29,0.0,14.1,40.0,28.8,20.9,13.1,0.0
2018-06-30,2.0,12.6,40.0,31.8,20.9,13.1,0.0
2018-07-01,2.0,10.4,284.0,30.1,23.5,15.2,0.0
2018-07-02,1.0,14.2,40.0,27.6,24.2,18.4,0.0
2018-07-03,1.0,13.5,39.0,27.0,21.5,15.4,0.0
2018-07-04,5.0,7.9,248.0,30.1,20.4,13.9,0.0
2018-07-05,3.0,9.4,269.0,30.9,23.4,16.7,0.0
2018-07-06,1.0,13.2,35.0,31.5,23.7,16.5,0.0
2018-07-07,0.0,13.0,38.0,31.0,25.0,18.5,0.0
2018-07-08,1.0,13.1,33.0,30.5,24.4,17.7,0.0
2018-07-09,4.0,8.2,251.0,22.9,24.2,17.9,0.0
2018-07-10,4.0,9.9,274.0,24.4,19.1,15.4,0.0
2018-07-11,4.0,8.1,248.0,25.1,19.1,13.9,0.0
2018-07-12,5.0,3.8,179.0,27.5,19.4,13.7,0.0
2018-07-13,6.0,5.9,214.0,28.9,21.6,15.7,0.0
2018-07-14,1.0,12.3,303.0,30.3,21.9,14.9,0.0
2018-07-15,0.0,14.2,39.0,30.0,22.8,15.2,0.0
2018-07-16,3.0,10.4,277.0,25.0,22.9,15.9,0.0
2018-07-17,4.0,8.5,251.0,26.5,19.4,13.8,0.0
2018-07-18,6.0,6.3,218.0,29.0,20.8,15.1,0.0
2018-07-19,4.0,7.3,232.0,25.2,21.6,14.2,0.0
2018-07-20,7.0,1.0,116.0,28.5,22.0,18.8,0.0
2018-07-21,6.0,6.0,212.0,28.9,22.7,16.9,0.0
2018-07-22,5.0,3.0,160.0,32.2,22.9,16.8,0.0
2018-07-23,2.0,12.2,295.0,30.2,25.6,19.0,0.0
2018-07-24,2.0,10.4,271.0,30.9,23.8,17.3,0.0
2018-07-25,1.0,11.6,286.0,35.0,24.3,17.7,0.0
2018-07-26,3.0,10.1,266.0,32.0,26.9,18.9,0.0
2018-07-27,4.0,7.3,227.0,23.0,25.9,19.9,3.2
2018-07-28,5.0,7.9,235.0,20.8,19.6,16.2,5.0
2018-07-29,8.0,0.0,73.0,24.2,18.2,15.6,1.2
2018-07-30,7.0,3.5,165.0,25.5,20.1,16.1,5.4
2018-07-31,4.0,9.9,259.0,26.5,20.7,15.9,0.0
2018-08-01,1.0,12.1,285.0,30.4,19.9,13.3,0.0
2018-08-02,0.0,13.3,298.0,32.6,22.2,14.1,0.0
2018-08-03,1.0,11.2,272.0,29.0,25.4,18.2,0.0
2018-08-04,0.0,13.2,295.0,29.8,24.3,19.6,0.0
2018-08-05,0.0,13.6,298.0,32.4,23.4,17.0,0.0
2018-08-06,1.0,13.3,293.0,31.2,24.5,16.6,0.0
2018-08-07,3.0,8.1,228.0,25.3,24.2,17.3,0.0
2018-08-08,6.0,8.9,238.0,18.4,19.9,14.4,0.4
2018-08-09,7.0,0.2,81.0,21.0,17.1,15.7,8.0
2018-08-10,4.0,5.2,184.0,22.5,15.9,10.8,2.4
2018-08-11,4.0,6.7,205.0,22.4,15.9,9.3,0.6
2018-08-12,8.0,0.0,67.0,25.2,19.4,16.3,1.6
2018-08-13,7.0,2.3,132.0,26.6,20.2,15.2,0.0
2018-08-14,4.0,3.8,158.0,25.7,19.9,13.1,0.0
2018-08-15,6.0,1.6,116.0,21.4,20.6,15.6,2.2
2018-08-16,5.0,2.3,130.0,23.7,19.5,17.6,7.8
2018-08-17,3.0,8.6,223.0,22.5,17.1,10.6,0.0
2018-08-18,7.0,0.2,76.0,28.3,18.9,15.3,0.0
2018-08-19,6.0,5.5,179.0,26.2,22.9,17.5,0.0
2018-08-20,6.0,3.9,154.0,27.3,22.2,18.3,0.0
2018-08-21,4.0,8.7,219.0,24.1,22.6,18.0,0.0
2018-08-22,6.0,0.6,87.0,22.9,19.7,15.3,1.0
2018-08-23,6.0,3.7,148.0,21.0,20.1,17.3,0.2
2018-08-24,4.0,6.3,184.0,20.0,15.8,10.7,5.4
2018-08-25,2.0,8.5,211.0,18.4,14.1,8.2,0.0
2018-08-26,8.0,0.0,60.0,19.7,14.6,10.8,11.0
2018-08-27,6.0,1.9,113.0,21.1,16.4,13.1,0.0
2018-08-28,8.0,2.1,116.0,20.1,18.4,15.6,7.6
2018-08-29,7.0,1.7,107.0,21.0,16.8,13.4,0.0
2018-08-30,5.0,8.4,202.0,22.5,15.7,10.4,0.0
2018-08-31,4.0,6.2,174.0,24.5,16.9,11.2,0.0
2018-09-01,0.0,12.2,231.0,24.8,18.1,11.8,0.0
2018-09-02,0.0,12.4,231.0,24.5,18.1,11.5,0.0
2018-09-03,2.0,8.3,187.0,20.7,18.2,11.9,0.0
2018-09-04,6.0,2.9,118.0,22.6,16.6,12.5,0.0
2018-09-05,6.0,6.1,159.0,22.6,18.2,13.8,0.0
2018-09-06,5.0,6.4,161.0,20.4,16.9,11.2,0.2
2018-09-07,2.0,10.8,207.0,21.0,14.3,8.3,0.0
2018-09-08,7.0,0.9,79.0,24.7,14.9,8.9,0.0
2018-09-09,7.0,4.1,129.0,22.7,19.6,14.4,0.0
2018-09-10,4.0,7.8,171.0,25.2,18.1,13.4,0.0
2018-09-11,6.0,1.3,85.0,15.6,20.8,16.4,3.2
2018-09-12,7.0,0.1,56.0,20.9,13.8,11.9,0.0
2018-09-13,1.0,10.4,192.0,18.6,14.3,7.7,0.0
2018-09-14,6.0,2.5,101.0,22.1,14.4,10.3,0.0
2018-09-15,4.0,6.9,154.0,24.2,16.2,10.4,0.0
2018-09-16,5.0,6.4,147.0,25.3,17.9,11.7,0.0
2018-09-17,3.0,9.5,176.0,23.5,21.3,17.3,0.0
2018-09-18,6.0,4.1,118.0,23.7,20.0,16.5,0.2
2018-09-19,7.0,4.1,117.0,21.9,20.2,16.7,0.0
2018-09-20,8.0,0.5,61.0,17.7,18.9,16.0,4.6
2018-09-21,4.0,8.9,164.0,13.3,14.2,10.6,0.6
2018-09-22,8.0,0.0,44.0,14.9,11.9,10.6,18.2
2018-09-23,5.0,3.8,108.0,16.2,11.9,9.0,2.4
2018-09-24,0.0,11.2,179.0,18.2,10.5,4.8,0.0
2018-09-25,1.0,10.5,171.0,22.8,10.8,3.3,0.0
2018-09-26,0.0,11.1,174.0,23.4,14.7,6.6,0.0
2018-09-27,1.0,11.0,171.0,17.5,15.9,8.5,0.0
2018-09-28,3.0,7.5,139.0,18.3,14.8,12.0,0.0
2018-09-29,0.0,10.1,160.0,15.4,11.8,5.3,0.0
2018-09-30,4.0,3.2,93.0,16.7,10.5,5.6,0.0
2018-10-01,4.0,7.4,133.0,20.2,11.8,6.9,0.0
2018-10-02,6.0,2.4,81.0,19.5,15.2,10.2,0.0
2018-10-03,4.0,5.2,110.0,18.3,15.6,11.6,0.0
2018-10-04,7.0,0.4,49.0,21.6,14.6,10.9,0.0
2018-10-05,7.0,3.1,86.0,10.3,17.0,12.4,0.0
2018-10-06,7.0,0.0,36.0,14.6,10.3,10.3,10.4
2018-10-07,1.0,7.9,128.0,17.3,10.1,5.6,0.0
2018-10-08,4.0,1.6,65.0,21.1,12.0,6.7,0.0
2018-10-09,1.0,10.0,141.0,24.1,15.2,9.3,0.0
2018-10-10,1.0,9.6,136.0,21.4,16.8,9.5,0.0
2018-10-11,7.0,1.7,63.0,21.5,18.1,14.9,3.0
2018-10-12,7.0,2.0,66.0,23.7,17.5,13.5,0.8
2018-10-13,5.0,4.4,89.0,13.1,20.6,17.5,6.8
2018-10-14,7.0,0.0,31.0,16.0,12.9,12.8,31.8
2018-10-15,8.0,0.0,31.0,20.4,12.9,9.8,0.2
2018-10-16,7.0,4.0,82.0,16.0,16.4,12.4,1.4
2018-10-17,8.0,0.0,30.0,16.8,13.7,11.3,0.4
2018-10-18,4.0,5.3,91.0,17.0,13.1,9.3,0.0
2018-10-19,1.0,8.5,113.0,18.6,11.1,5.1,0.0
2018-10-20,4.0,7.5,104.0,19.1,12.3,6.1,0.0
2018-10-21,2.0,8.7,111.0,13.7,13.7,8.2,0.0
2018-10-22,1.0,9.1,112.0,16.0,10.2,6.8,0.0
2018-10-23,2.0,3.3,68.0,17.9,10.9,5.8,0.0
2018-10-24,2.0,5.2,82.0,15.0,13.7,9.5,0.0
2018-10-25,5.0,5.9,86.0,11.4,10.2,5.3,1.0
2018-10-26,5.0,3.2,64.0,7.0,10.2,9.0,0.2
2018-10-27,4.0,3.8,68.0,10.7,4.7,2.3,0.6
2018-10-28,3.0,3.7,67.0,9.5,7.3,4.0,0.2
2018-10-29,2.0,7.2,90.0,9.1,5.7,1.9,0.0
2018-10-30,7.0,0.0,24.0,14.0,6.7,4.2,0.0
2018-10-31,4.0,5.9,79.0,11.5,6.7,-0.7,4.2
2018-11-01,7.0,0.0,23.0,11.7,8.3,5.2,4.0
2018-11-02,1.0,7.9,89.0,14.6,6.1,0.5,0.0
2018-11-03,3.0,5.5,73.0,13.6,8.7,2.7,0.0
2018-11-04,7.0,0.5,31.0,16.3,10.8,7.9,0.0
2018-11-05,6.0,1.4,40.0,15.6,12.1,7.8,0.0
2018-11-06,7.0,0.3,27.0,14.7,12.0,8.4,7.0
2018-11-07,7.0,0.9,34.0,14.4,12.9,11.2,2.8
2018-11-08,1.0,6.5,74.0,14.1,9.3,4.3,0.0
2018-11-09,6.0,1.1,35.0,15.0,9.9,5.7,8.0
2018-11-10,5.0,4.1,57.0,14.2,11.9,8.9,22.4
2018-11-11,3.0,5.5,65.0,14.8,10.0,5.8,0.6
2018-11-12,4.0,4.3,57.0,14.0,11.9,9.0,0.0
2018-11-13,2.0,5.7,64.0,14.8,10.9,7.9,0.0
2018-11-14,3.0,6.6,68.0,14.8,12.0,9.2,0.2
2018-11-15,8.0,0.1,21.0,11.0,12.0,9.2,0.0
2018-11-16,8.0,0.0,18.0,12.3,10.8,10.7,0.0
2018-11-17,3.0,6.1,63.0,11.7,9.4,6.5,0.0
2018-11-18,0.0,6.4,64.0,8.9,8.2,4.8,0.0
2018-11-19,6.0,1.7,35.0,5.5,7.3,5.7,2.8
2018-11-20,8.0,0.0,17.0,8.4,5.0,4.6,9.6
2018-11-21,5.0,3.2,44.0,6.6,4.3,0.2,0.0
2018-11-22,4.0,0.1,19.0,8.6,2.6,-1.3,0.2
2018-11-23,8.0,0.0,16.0,9.4,4.7,0.7,0.4
2018-11-24,8.0,0.0,16.0,8.6,8.0,6.6,0.0
2018-11-25,7.0,0.0,15.0,8.2,7.5,6.5,0.0
2018-11-26,7.0,0.0,15.0,13.2,6.2,4.2,0.0
2018-11-27,7.0,0.0,15.0,14.0,7.7,2.1,7.4
2018-11-28,8.0,0.0,15.0,13.9,8.2,2.3,3.0
2018-11-29,7.0,0.1,17.0,11.9,12.9,12.0,1.4
2018-11-30,1.0,4.9,48.0,13.9,9.0,6.1,4.0
2018-12-01,7.0,0.0,14.0,15.8,9.9,6.0,3.8
2018-12-02,7.0,1.2,25.0,13.7,12.7,9.6,0.0
2018-12-03,6.0,1.5,27.0,10.4,12.2,10.8,2.8
2018-12-04,4.0,3.0,35.0,13.1,6.0,1.5,4.0
2018-12-05,8.0,0.0,13.0,13.3,8.4,3.8,1.0
2018-12-06,8.0,0.0,13.0,12.4,11.3,9.3,4.2
2018-12-07,5.0,1.1,23.0,12.5,12.0,11.6,3.6
2018-12-08,4.0,0.7,20.0,11.0,9.7,6.8,1.6
2018-12-09,5.0,3.3,35.0,9.4,9.8,8.5,1.2
2018-12-10,7.0,0.0,12.0,9.3,6.8,4.3,0.0
2018-12-11,1.0,5.0,43.0,7.6,5.5,1.7,0.0
2018-12-12,5.0,0.2,15.0,5.5,5.5,3.4,0.0
2018-12-13,0.0,5.1,43.0,5.1,3.4,1.2,0.0
2018-12-14,6.0,2.0,28.0,8.1,1.9,-1.2,0.0
2018-12-15,7.0,0.0,12.0,9.4,3.9,-0.4,10.4
2018-12-16,3.0,1.4,24.0,10.7,5.9,2.4,4.2
2018-12-17,3.0,4.3,39.0,10.4,7.0,3.4,0.0
2018-12-18,8.0,0.0,12.0,9.9,7.6,4.8,8.6
2018-12-19,5.0,1.8,26.0,13.2,7.8,5.6,0.8
2018-12-20,6.0,1.9,27.0,12.9,9.5,5.8,7.0
2018-12-21,8.0,0.3,16.0,12.0,10.1,7.2,0.4
2018-12-22,4.0,1.5,25.0,13.2,10.4,8.8,3.8
2018-12-23,8.0,0.0,12.0,8.3,9.8,6.5,2.8
2018-12-24,5.0,2.1,28.0,8.6,6.5,4.7,0.2
2018-12-25,7.0,0.0,12.0,9.6,4.9,1.2,0.2
2018-12-26,8.0,0.0,12.0,7.9,6.8,4.0,0.0
2018-12-27,6.0,2.5,31.0,10.8,5.4,2.9,0.0
2018-12-28,8.0,1.4,24.0,12.3,6.9,3.0,0.0
2018-12-29,7.0,0.0,12.0,10.4,9.8,7.3,0.0
2018-12-30,8.0,0.0,12.0,10.1,8.4,6.5,0.0
2018-12-31,8.0,0.0,13.0,10.7,9.4,8.8,0.0
2019-01-01,7.0,0.5,19.0,6.4,7.8,4.8,0.0
2019-01-02,7.0,0.0,13.0,5.5,5.0,3.7,0.0
2019-01-03,8.0,0.0,13.0,4.6,4.9,4.3,0.0
2019-01-04,5.0,4.7,43.0,6.4,3.0,1.4,0.0
2019-01-05,8.0,0.0,13.0,10.0,4.0,1.6,0.0
2019-01-06,8.0,0.2,16.0,11.1,7.1,4.2,0.0
2019-01-07,8.0,0.0,13.0,9.3,8.6,6.0,0.0
2019-01-08,1.0,5.1,46.0,5.9,7.7,6.1,0.0
2019-01-09,3.0,3.1,37.0,7.3,3.9,1.9,0.0
2019-01-10,7.0,0.0,14.0,9.1,3.8,0.2,0.0
2019-01-11,7.0,0.2,17.0,11.0,5.3,1.6,0.0
2019-01-12,8.0,0.0,14.0,11.7,8.7,6.4,0.0
2019-01-13,8.0,0.1,16.0,9.8,10.2,8.6,0.0
2019-01-14,6.0,1.8,31.0,9.7,8.6,7.4,0.0
2019-01-15,6.0,0.1,17.0,9.9,5.5,1.4,0.2
2019-01-16,7.0,0.0,15.0,5.1,8.1,6.2,5.2
2019-01-17,4.0,6.1,56.0,7.1,3.6,2.1,0.0
2019-01-18,7.0,0.8,25.0,5.5,2.9,-1.4,0.0
2019-01-19,8.0,0.0,16.0,5.7,3.0,0.6,0.0
2019-01-20,2.0,5.7,56.0,6.4,2.1,-1.4,0.0
2019-01-21,7.0,0.3,21.0,6.6,2.1,-2.2,5.4
2019-01-22,5.0,4.0,48.0,3.4,3.8,1.0,4.8
2019-01-23,6.0,1.6,33.0,5.4,1.6,-0.1,0.2
2019-01-24,8.0,0.0,17.0,12.4,1.3,-2.8,1.0
2019-01-25,6.0,2.8,43.0,10.8,6.1,-0.2,0.0
2019-01-26,7.0,0.3,23.0,6.7,7.8,4.7,5.8
2019-01-27,6.0,1.9,38.0,6.0,5.2,3.7,1.0
2019-01-28,0.0,7.0,69.0,6.5,3.6,1.3,0.0
2019-01-29,7.0,0.4,25.0,6.2,1.9,-2.6,5.0
2019-01-30,2.0,6.3,68.0,4.4,2.2,-1.7,0.0
2019-01-31,4.0,3.4,51.0,2.6,-0.4,-5.2,4.6
2019-02-01,8.0,0.0,19.0,5.2,-0.1,-2.8,5.2
2019-02-02,6.0,5.7,67.0,7.4,2.9,0.5,0.0
2019-02-03,2.0,7.0,76.0,9.7,2.3,-2.8,5.0
2019-02-04,7.0,0.0,20.0,9.5,4.2,-1.2,0.2
2019-02-05,8.0,0.0,21.0,11.5,7.2,5.0,4.2
2019-02-06,7.0,0.7,32.0,10.5,8.6,5.7,4.0
2019-02-07,6.0,5.3,70.0,11.1,8.3,6.1,1.2
2019-02-08,7.0,0.0,22.0,10.8,8.8,6.4,7.0
2019-02-09,4.0,3.7,61.0,8.0,8.7,6.5,2.0
2019-02-10,6.0,0.9,37.0,9.2,6.8,5.7,1.0
2019-02-11,4.0,4.2,66.0,12.3,5.5,1.8,0.0
2019-02-12,5.0,2.6,54.0,12.9,6.9,1.5,0.0
2019-02-13,4.0,2.7,56.0,13.9,8.8,4.8,0.0
2019-02-14,1.0,8.4,98.0,14.4,7.2,0.4,0.2
2019-02-15,0.0,8.4,99.0,11.9,7.7,1.0,0.0
2019-02-16,6.0,0.0,25.0,15.1,7.5,3.1,0.0
2019-02-17,3.0,5.8,84.0,9.7,9.4,3.7,0.0
2019-02-18,6.0,0.0,26.0,12.5,8.4,7.2,2.8
2019-02-19,4.0,5.3,83.0,13.3,7.2,1.9,0.0
2019-02-20,6.0,3.8,72.0,15.3,9.4,5.5,0.0
2019-02-21,4.0,5.4,86.0,15.3,10.8,6.2,0.0
2019-02-22,5.0,5.9,91.0,16.7,10.7,6.0,0.0
2019-02-23,0.0,6.3,96.0,16.8,11.5,6.3,0.0
2019-02-24,0.0,9.1,118.0,19.4,9.8,2.8,0.0
2019-02-25,0.0,9.5,122.0,20.1,10.3,1.2,0.0
2019-02-26,0.0,9.6,124.0,19.2,11.1,2.0,0.0
2019-02-27,0.0,9.2,123.0,13.1,10.8,2.4,0.0
2019-02-28,6.0,0.7,46.0,11.2,8.9,4.7,1.4
2019-03-01,7.0,0.1,39.0,15.1,9.8,8.3,0.0
2019-03-02,7.0,2.3,74.0,12.7,11.3,7.5,2.6
2019-03-03,7.0,0.0,36.0,10.7,10.8,9.0,5.0
2019-03-04,6.0,3.4,89.0,12.2,7.2,3.8,0.6
2019-03-05,5.0,5.6,113.0,12.6,7.7,3.1,5.0
2019-03-06,8.0,0.0,38.0,12.5,9.8,7.0,0.4
2019-03-07,6.0,4.0,99.0,10.6,9.0,5.5,0.2
2019-03-08,4.0,3.4,94.0,13.6,6.7,2.8,1.2
2019-03-09,6.0,3.4,95.0,10.8,10.2,6.9,8.2
2019-03-10,6.0,6.0,125.0,11.4,8.1,5.3,3.0
2019-03-11,3.0,8.3,149.0,9.8,6.7,2.0,0.6
2019-03-12,6.0,1.5,73.0,12.0,7.8,5.9,7.8
2019-03-13,7.0,2.6,90.0,14.9,8.0,4.0,4.2
2019-03-14,6.0,4.0,109.0,14.7,10.9,7.0,4.6
2019-03-15,8.0,1.2,71.0,12.5,11.9,9.1,0.0
2019-03-16,8.0,0.0,44.0,10.4,11.4,10.3,4.4
2019-03-17,4.0,6.3,139.0,11.6,7.1,3.8,1.8
2019-03-18,6.0,3.8,111.0,13.0,7.5,3.4,0.0
2019-03-19,8.0,0.5,61.0,13.0,9.6,6.2,0.0
2019-03-20,8.0,0.0,46.0,14.6,10.6,8.2,0.0
2019-03-21,8.0,0.1,52.0,11.0,11.7,8.8,0.0
2019-03-22,8.0,0.0,48.0,13.9,9.9,8.9,0.0
2019-03-23,6.0,1.6,85.0,14.9,10.5,7.1,0.0
2019-03-24,2.0,10.6,195.0,13.1,9.1,3.3,0.0
2019-03-25,2.0,11.1,202.0,14.7,9.2,5.2,0.0
2019-03-26,2.0,8.1,173.0,13.4,8.1,1.5,0.0
2019-03-27,6.0,2.4,102.0,16.1,9.0,4.6,0.0
2019-03-28,5.0,5.3,144.0,17.6,11.6,7.1,0.0
2019-03-29,0.0,11.4,213.0,19.1,10.2,2.7,0.0
2019-03-30,3.0,8.2,181.0,13.1,11.9,4.7,0.0
2019-03-31,4.0,3.8,128.0,14.5,10.7,8.2,0.0
2019-04-01,2.0,11.4,219.0,9.8,9.2,3.9,0.0
2019-04-02,5.0,2.1,104.0,10.9,6.6,3.4,4.4
2019-04-03,5.0,4.2,137.0,10.3,5.9,0.9,0.8
2019-04-04,7.0,1.6,97.0,14.3,5.7,1.1,1.4
2019-04-05,6.0,2.8,118.0,11.6,9.8,5.4,0.0
2019-04-06,6.0,0.5,75.0,11.7,8.9,6.3,0.0
2019-04-07,7.0,0.0,58.0,12.7,8.9,6.1,0.2
2019-04-08,8.0,0.2,68.0,11.7,10.1,7.5,2.8
2019-04-09,7.0,0.0,59.0,13.1,9.9,8.2,1.8
2019-04-10,3.0,11.8,240.0,12.6,8.8,4.6,0.0
2019-04-11,1.0,12.5,249.0,10.7,6.8,1.1,0.0
2019-04-12,5.0,3.6,139.0,9.9,6.0,1.3,0.0
2019-04-13,3.0,6.6,182.0,11.4,5.2,0.6,0.0
2019-04-14,3.0,8.0,202.0,15.3,5.5,-0.3,0.0
2019-04-15,4.0,11.0,239.0,16.4,9.8,4.2,0.0
2019-04-16,7.0,1.4,103.0,19.2,11.7,6.9,0.0
2019-04-17,2.0,9.6,226.0,21.8,12.9,6.7,0.0
2019-04-18,7.0,11.0,244.0,24.0,14.8,7.8,0.0
2019-04-19,0.0,12.3,261.0,24.7,16.4,8.7,0.0
2019-04-20,0.0,12.9,269.0,24.6,16.4,8.2,0.0
2019-04-21,0.0,12.8,270.0,25.0,16.1,7.7,0.0
2019-04-22,4.0,7.5,206.0,21.9,16.8,8.5,0.0
2019-04-23,4.0,1.5,111.0,18.3,17.4,12.8,0.0
2019-04-24,7.0,2.3,128.0,17.3,14.2,10.1,0.6
2019-04-25,5.0,3.1,143.0,17.6,12.7,8.1,0.0
2019-04-26,5.0,4.9,173.0,13.3,11.6,5.6,0.8
2019-04-27,7.0,1.2,107.0,14.8,10.2,7.2,0.0
2019-04-28,8.0,1.1,106.0,16.1,10.9,7.1,0.0
2019-04-29,7.0,2.7,139.0,18.2,10.8,5.4,0.0
2019-04-30,3.0,9.5,242.0,18.5,12.1,5.9,0.0
2019-05-01,6.0,3.8,161.0,16.7,12.5,6.5,0.0
2019-05-02,6.0,4.7,176.0,15.5,12.9,9.1,1.4
2019-05-03,7.0,1.9,127.0,11.6,11.4,7.4,1.8
2019-05-04,4.0,9.5,247.0,12.7,8.4,5.2,0.2
2019-05-05,5.0,4.3,172.0,13.1,7.7,2.7,0.0
2019-05-06,7.0,2.0,131.0,17.5,9.1,5.1,0.0
2019-05-07,7.0,6.9,214.0,15.7,11.8,6.2,7.4
2019-05-08,7.0,1.8,128.0,15.8,12.1,8.4,10.8
2019-05-09,6.0,1.9,131.0,16.4,10.9,6.1,9.2
2019-05-10,5.0,4.9,186.0,16.8,10.6,4.7,0.0
2019-05-11,6.0,4.6,182.0,18.1,12.4,8.1,2.2
2019-05-12,1.0,11.3,279.0,17.8,11.4,4.7,0.0
2019-05-13,0.0,13.7,310.0,18.8,11.5,5.2,0.0
2019-05-14,0.0,14.0,314.0,20.7,12.7,6.6,0.0
2019-05-15,0.0,12.9,302.0,19.0,13.8,6.9,0.0
2019-05-16,4.0,11.7,288.0,14.8,13.2,7.4,0.0
2019-05-17,7.0,0.5,100.0,17.2,11.6,8.4,0.0
2019-05-18,7.0,0.7,106.0,18.6,13.4,9.7,0.0
2019-05-19,6.0,0.3,94.0,20.4,13.4,8.2,0.0
2019-05-20,6.0,3.1,161.0,20.9,16.3,12.2,0.0
2019-05-21,1.0,11.9,294.0,22.5,15.2,9.6,0.0
2019-05-22,5.0,9.4,262.0,24.7,16.4,10.4,0.0
2019-05-23,4.0,10.8,281.0,22.6,16.9,9.0,0.0
2019-05-24,4.0,7.6,237.0,24.2,16.7,10.8,0.0
2019-05-25,7.0,4.5,189.0,21.2,19.1,13.9,0.0
2019-05-26,7.0,1.7,135.0,20.0,17.6,14.0,0.0
2019-05-27,5.0,4.0,181.0,18.4,14.5,9.0,0.2
2019-05-28,6.0,4.7,193.0,19.2,13.8,9.1,0.0
2019-05-29,7.0,0.3,97.0,24.8,14.2,9.2,2.8
2019-05-30,7.0,4.6,192.0,20.7,17.9,11.1,0.0
2019-05-31,6.0,2.3,149.0,27.6,17.5,14.3,0.0
2019-06-01,3.0,11.5,296.0,27.3,19.1,10.5,0.0
2019-06-02,6.0,7.1,235.0,22.0,21.1,14.9,0.0
2019-06-03,3.0,6.8,231.0,17.5,16.3,10.6,0.0
2019-06-04,7.0,0.8,115.0,19.8,13.8,10.1,1.6
2019-06-05,6.0,4.6,196.0,21.0,15.8,11.8,0.0
2019-06-06,3.0,11.9,303.0,19.3,14.8,8.7,1.4
2019-06-07,7.0,1.5,134.0,20.3,15.2,11.0,7.4
2019-06-08,5.0,7.6,244.0,21.0,15.6,10.9,0.0
2019-06-09,5.0,6.4,226.0,14.8,14.8,8.6,3.2
2019-06-10,8.0,0.0,80.0,18.4,13.1,11.4,31.8
2019-06-11,8.0,0.8,116.0,16.1,13.9,9.5,0.0
2019-06-12,8.0,1.7,140.0,16.1,13.6,11.0,17.2
2019-06-13,8.0,0.0,81.0,20.1,13.8,11.4,4.8
2019-06-14,7.0,5.3,209.0,20.0,15.9,11.7,0.0
2019-06-15,7.0,3.7,181.0,21.4,15.8,11.5,0.8
2019-06-16,6.0,4.7,199.0,22.7,14.9,8.4,1.2
2019-06-17,4.0,9.3,270.0,19.7,17.0,11.3,0.0
2019-06-18,7.0,2.4,156.0,19.5,15.3,11.0,2.2
2019-06-19,8.0,0.1,89.0,20.5,16.8,14.1,7.4
2019-06-20,6.0,6.5,229.0,22.4,16.4,12.3,0.0
2019-06-21,3.0,9.8,277.0,23.8,15.6,8.8,0.0
2019-06-22,1.0,11.9,38.0,24.9,16.8,9.7,0.0
2019-06-23,6.0,1.0,122.0,24.5,18.7,12.5,0.0
2019-06-24,7.0,1.7,140.0,23.9,20.9,17.2,2.8
2019-06-25,8.0,1.0,122.0,22.2,20.9,17.8,0.0
2019-06-26,8.0,3.5,178.0,24.6,18.8,15.4,0.0
2019-06-27,2.0,13.3,40.0,24.7,18.8,13.0,0.0
2019-06-28,2.0,12.7,39.0,34.0,19.1,13.4,0.0
2019-06-29,1.0,13.6,39.0,25.1,24.3,14.6,0.0
2019-06-30,3.0,8.9,263.0,22.5,19.9,14.6,0.0
2019-07-01,3.0,7.4,241.0,23.2,17.9,13.3,0.0
2019-07-02,3.0,9.6,273.0,24.4,17.0,10.8,0.0
2019-07-03,3.0,10.9,290.0,26.7,18.6,12.9,0.0
2019-07-04,1.0,14.1,36.0,27.6,19.4,12.0,0.0
2019-07-05,6.0,8.5,256.0,23.6,21.6,15.7,0.0
2019-07-06,5.0,4.7,197.0,21.5,19.1,14.6,4.6
2019-07-07,7.0,3.0,166.0,23.9,17.8,14.1,2.0
2019-07-08,7.0,4.8,198.0,25.8,18.2,12.5,0.0
2019-07-09,8.0,1.8,140.0,26.7,20.6,15.3,0.0
2019-07-10,7.0,3.1,167.0,27.3,21.7,16.7,0.0
2019-07-11,7.0,7.9,245.0,25.5,21.8,16.3,0.0
2019-07-12,5.0,9.2,263.0,23.7,21.3,17.1,0.0
2019-07-13,4.0,5.0,200.0,21.9,19.1,14.5,0.6
2019-07-14,5.0,2.5,153.0,22.9,18.0,14.1,0.0
2019-07-15,4.0,6.1,217.0,27.3,17.4,11.8,0.0
2019-07-16,0.0,13.1,36.0,26.4,19.5,11.7,0.0
2019-07-17,5.0,6.6,223.0,24.8,19.9,13.5,3.0
2019-07-18,6.0,2.5,152.0,19.9,20.2,15.6,0.0
2019-07-19,7.0,0.0,77.0,25.6,16.3,12.7,17.4
2019-07-20,5.0,6.9,226.0,24.6,20.5,15.4,0.0
2019-07-21,3.0,5.7,207.0,27.9,18.8,13.0,0.0
2019-07-22,5.0,7.1,228.0,33.6,22.1,16.4,0.0
2019-07-23,0.0,13.2,307.0,32.8,24.6,15.7,0.8
2019-07-24,2.0,12.2,294.0,37.9,26.4,20.0,0.0
2019-07-25,2.0,9.5,259.0,25.7,28.8,19.7,3.8
2019-07-26,8.0,0.7,105.0,20.3,22.2,18.7,14.4
2019-07-27,8.0,0.0,74.0,24.3,18.2,16.1,0.4
2019-07-28,6.0,1.3,120.0,26.2,19.9,15.5,0.0
2019-07-29,4.0,11.4,280.0,19.9,19.7,13.2,0.0
2019-07-30,6.0,1.5,124.0,24.9,18.4,17.0,3.8
2019-07-31,7.0,4.2,176.0,26.0,20.6,16.3,0.0
2019-08-01,6.0,5.7,199.0,25.8,20.3,14.6,0.0
2019-08-02,4.0,6.6,212.0,24.7,20.6,15.5,0.0
2019-08-03,4.0,3.0,153.0,27.4,19.8,14.8,0.0
2019-08-04,6.0,0.5,95.0,26.5,21.2,15.0,0.2
2019-08-05,5.0,4.8,182.0,25.0,21.2,16.0,0.2
2019-08-06,5.0,5.9,198.0,24.9,20.1,15.3,0.0
2019-08-07,5.0,5.3,188.0,24.5,19.6,14.2,1.2
2019-08-08,5.0,5.4,189.0,25.0,18.9,13.4,3.2
2019-08-09,6.0,3.8,162.0,23.6,21.3,17.6,1.8
2019-08-10,6.0,5.6,190.0,23.2,20.1,16.6,1.4
2019-08-11,3.0,7.2,212.0,19.5,19.1,15.1,0.0
2019-08-12,6.0,1.3,112.0,23.4,16.2,12.9,1.4
2019-08-13,4.0,9.8,243.0,19.4,16.6,9.8,3.2
2019-08-14,8.0,0.1,74.0,23.5,16.6,13.9,8.6
2019-08-15,4.0,7.0,204.0,19.2,18.8,14.0,0.0
2019-08-16,6.0,0.0,65.0,24.1,15.9,12.7,5.6
2019-08-17,5.0,7.5,209.0,22.5,19.6,15.0,1.0
2019-08-18,6.0,3.7,153.0,22.4,18.6,14.6,4.8
2019-08-19,3.0,7.5,206.0,22.8,17.2,12.1,0.6
2019-08-20,2.0,9.9,235.0,23.6,16.8,10.7,0.0
2019-08-21,2.0,8.4,215.0,25.1,17.1,10.6,0.0
2019-08-22,3.0,9.0,221.0,27.7,18.6,12.2,0.0
2019-08-23,0.0,12.2,256.0,30.7,20.4,13.2,0.0
2019-08-24,2.0,11.1,243.0,33.3,21.9,13.0,0.0
2019-08-25,2.0,11.0,240.0,33.2,24.8,16.3,0.0
2019-08-26,0.0,12.0,249.0,33.4,24.9,16.5,0.0
2019-08-27,1.0,10.4,230.0,26.6,24.9,16.3,0.4
2019-08-28,7.0,3.3,136.0,24.7,22.3,18.0,0.0
2019-08-29,3.0,8.9,210.0,24.8,17.8,10.8,0.0
2019-08-30,2.0,8.6,205.0,24.9,19.1,13.4,0.0
2019-08-31,3.0,5.7,167.0,21.6,18.6,12.3,0.0
2019-09-01,3.0,8.6,193.0,23.6,16.4,11.3,0.0
2019-09-02,4.0,7.1,175.0,22.8,16.1,8.7,0.0
2019-09-03,7.0,2.5,113.0,21.1,19.1,15.3,7.2
2019-09-04,6.0,7.0,171.0,18.7,17.9,14.6,0.0
2019-09-05,3.0,8.5,186.0,18.8,15.3,11.9,0.0
2019-09-06,4.0,0.7,77.0,17.8,14.1,9.3,0.0
2019-09-07,6.0,2.8,113.0,18.6,14.6,11.3,0.0
2019-09-08,2.0,8.6,183.0,16.1,12.3,6.1,0.0
2019-09-09,8.0,0.0,52.0,21.9,13.9,11.8,0.0
2019-09-10,5.0,5.4,144.0,21.8,15.9,9.9,0.0
2019-09-11,7.0,0.5,68.0,25.7,17.6,13.5,0.0
2019-09-12,6.0,3.3,115.0,22.6,18.9,12.0,0.0
2019-09-13,2.0,11.8,205.0,24.0,18.1,13.5,0.0
2019-09-14,0.0,10.9,195.0,26.6,16.6,9.1,0.0
2019-09-15,0.0,10.0,185.0,20.6,18.2,9.8,0.2
2019-09-16,8.0,0.0,47.0,20.0,18.0,15.4,0.6
2019-09-17,1.0,11.4,194.0,20.0,14.8,9.6,0.0
2019-09-18,0.0,11.1,189.0,22.2,13.9,7.8,0.0
2019-09-19,0.0,10.5,182.0,22.4,15.1,7.9,0.0
2019-09-20,0.0,10.8,183.0,26.4,15.8,9.3,0.0
2019-09-21,0.0,10.6,179.0,23.9,19.1,11.8,0.2
2019-09-22,6.0,0.4,58.0,20.1,20.6,17.3,1.6
2019-09-23,6.0,3.3,102.0,20.5,16.8,13.5,18.8
2019-09-24,7.0,1.8,81.0,22.2,17.9,15.2,12.6
2019-09-25,7.0,2.6,91.0,20.9,18.4,14.6,3.6
2019-09-26,6.0,1.7,78.0,19.0,18.2,15.5,0.8
2019-09-27,3.0,4.1,107.0,19.7,16.1,13.2,1.2
2019-09-28,6.0,0.3,51.0,19.8,15.8,12.0,4.6
2019-09-29,7.0,0.3,50.0,17.8,16.9,13.9,4.4
2019-09-30,6.0,0.2,47.0,21.1,13.8,9.7,7.2
2019-10-01,7.0,2.8,87.0,14.4,17.4,13.6,9.4
2019-10-02,1.0,7.9,136.0,15.3,10.6,6.7,0.0
2019-10-03,5.0,0.2,45.0,15.7,9.7,4.0,1.8
2019-10-04,6.0,0.2,44.0,16.3,12.1,8.4,0.4
2019-10-05,8.0,0.0,36.0,17.3,13.8,11.4,16.0
2019-10-06,7.0,4.7,101.0,16.9,14.4,11.6,1.0
2019-10-07,8.0,0.5,49.0,17.9,13.6,10.2,1.8
2019-10-08,5.0,2.5,76.0,16.3,15.0,12.1,3.4
2019-10-09,6.0,4.2,92.0,17.5,13.4,10.5,0.2
2019-10-10,4.0,3.8,87.0,17.2,12.9,8.3,3.6
2019-10-11,8.0,0.0,33.0,16.4,15.3,13.4,7.0
2019-10-12,8.0,0.0,32.0,17.3,13.5,10.6,12.4
2019-10-13,7.0,1.1,54.0,16.0,14.1,10.9,4.0
2019-10-14,8.0,0.0,31.0,17.5,13.2,10.3,3.6
2019-10-15,6.0,1.7,60.0,16.3,14.1,10.7,0.8
2019-10-16,6.0,3.0,73.0,15.4,13.0,9.7,0.0
2019-10-17,5.0,2.7,69.0,15.6,11.8,8.2,10.2
2019-10-18,5.0,4.6,85.0,15.8,12.4,9.3,2.4
2019-10-19,3.0,6.7,100.0,12.1,12.7,9.5,0.6
2019-10-20,5.0,1.4,52.0,13.3,8.3,4.6,0.2
2019-10-21,8.0,0.0,28.0,16.0,11.1,8.8,0.4
2019-10-22,2.0,7.6,102.0,14.6,11.2,6.5,0.0
2019-10-23,6.0,0.2,33.0,12.5,9.4,4.2,0.2
2019-10-24,7.0,0.0,26.0,16.9,10.4,8.3,5.6
2019-10-25,7.0,0.0,26.0,16.9,13.2,9.5,0.4
2019-10-26,8.0,0.0,25.0,12.0,14.6,12.2,4.2
2019-10-27,2.0,5.3,80.0,11.0,8.0,4.0,0.0
2019-10-28,4.0,3.5,65.0,11.5,6.0,1.1,0.0
2019-10-29,8.0,0.1,27.0,12.9,8.6,5.7,0.0
2019-10-30,5.0,4.4,70.0,13.3,9.9,7.0,0.0
2019-10-31,5.0,4.9,72.0,16.2,9.9,6.5,3.2
2019-11-01,8.0,0.0,23.0,14.0,11.8,7.4,1.4
2019-11-02,7.0,0.3,29.0,12.4,12.0,10.0,4.2
2019-11-03,4.0,1.8,46.0,12.8,9.2,6.0,2.0
2019-11-04,4.0,1.2,39.0,13.0,10.1,7.3,0.0
2019-11-05,8.0,0.6,32.0,9.6,9.6,6.1,1.2
2019-11-06,5.0,3.3,55.0,11.2,6.5,3.3,9.2
2019-11-07,4.0,6.0,72.0,9.0,8.4,5.6,0.0
2019-11-08,5.0,0.1,23.0,7.8,4.3,-0.3,0.2
2019-11-09,6.0,0.4,27.0,11.1,4.1,0.4,12.4
2019-11-10,5.0,6.3,70.0,10.0,6.3,1.6,2.4
2019-11-11,5.0,3.5,53.0,9.0,7.3,4.7,0.0
2019-11-12,5.0,2.7,46.0,10.1,6.1,3.2,1.8
2019-11-13,4.0,3.3,50.0,9.8,6.4,2.7,17.2
2019-11-14,7.0,2.6,44.0,8.9,6.8,3.8,0.2
2019-11-15,8.0,0.0,18.0,8.2,6.5,4.0,1.6
2019-11-16,8.0,0.7,28.0,8.7,6.5,4.7,0.0
2019-11-17,7.0,2.1,39.0,9.5,5.1,1.5,0.0
2019-11-18,3.0,3.8,49.0,7.1,6.0,2.6,0.0
2019-11-19,6.0,0.0,17.0,8.0,2.5,-2.1,0.0
2019-11-20,3.0,0.8,27.0,7.6,4.2,0.4,0.0
2019-11-21,8.0,0.0,16.0,9.9,4.8,2.0,4.2
2019-11-22,7.0,0.7,26.0,10.8,6.8,3.6,1.0
2019-11-23,7.0,0.0,16.0,11.8,9.2,7.6,3.4
2019-11-24,7.0,0.1,18.0,11.8,8.8,5.9,0.0
2019-11-25,8.0,0.0,15.0,13.6,10.1,8.4,2.0
2019-11-26,7.0,0.0,15.0,11.9,11.6,9.5,5.2
2019-11-27,8.0,1.2,28.0,10.1,10.6,9.2,3.0
2019-11-28,8.0,0.3,20.0,7.9,9.0,7.9,2.0
2019-11-29,2.0,5.7,53.0,7.1,5.3,2.8,0.2
2019-11-30,3.0,3.8,43.0,7.5,3.1,-0.8,0.0
2019-12-01,3.0,1.3,26.0,7.6,4.8,2.0,0.0
2019-12-02,1.0,5.5,48.0,10.0,3.4,-0.8,0.2
2019-12-03,5.0,2.9,35.0,9.0,5.2,0.4,0.0
2019-12-04,1.0,5.4,47.0,12.1,4.6,0.2,0.2
2019-12-05,7.0,0.5,19.0,13.8,5.4,-1.3,3.8
2019-12-06,7.0,0.1,15.0,11.9,8.3,2.8,0.2
2019-12-07,7.0,0.3,17.0,11.2,9.3,6.8,2.0
2019-12-08,5.0,1.7,27.0,9.7,10.0,8.8,0.0
2019-12-09,3.0,4.1,39.0,11.9,8.1,6.5,0.0
2019-12-10,6.0,0.0,12.0,8.4,5.8,-0.2,3.6
2019-12-11,2.0,2.6,31.0,9.4,6.0,3.5,0.2
2019-12-12,6.0,0.0,12.0,8.6,5.0,0.6,11.0
2019-12-13,7.0,2.0,28.0,9.1,6.7,4.7,2.0
2019-12-14,4.0,2.6,31.0,10.3,6.5,3.9,10.8
2019-12-15,4.0,4.0,38.0,9.0,7.5,4.8,8.4
2019-12-16,7.0,0.0,12.0,7.8,6.7,4.3,4.4
2019-12-17,8.0,0.0,12.0,12.0,7.0,6.2,1.4
2019-12-18,5.0,1.2,23.0,13.6,6.4,0.8,9.0
2019-12-19,8.0,0.4,17.0,10.8,9.7,5.7,13.0
2019-12-20,6.0,0.5,18.0,10.7,9.6,8.3,8.0
2019-12-21,7.0,1.9,27.0,9.6,7.5,4.2,7.2
2019-12-22,6.0,2.2,29.0,10.9,8.3,7.1,0.0
2019-12-23,4.0,4.1,38.0,12.3,8.1,5.2,1.2
2019-12-24,5.0,2.0,28.0,9.0,9.8,7.2,0.2
2019-12-25,2.0,5.0,42.0,10.2,5.7,2.4,0.2
2019-12-26,7.0,0.1,14.0,8.3,5.8,1.5,2.6
2019-12-27,8.0,0.0,12.0,9.6,7.5,6.6,0.0
2019-12-28,8.0,0.0,12.0,9.9,8.1,6.6,0.0
2019-12-29,6.0,2.2,29.0,11.5,8.7,7.4,0.0
2019-12-30,0.0,3.6,37.0,9.3,6.5,1.5,0.0
2019-12-31,7.0,0.0,13.0,9.4,7.1,4.9,0.0
2020-01-01,8.0,0.0,13.0,6.6,4.1,1.7,0.0
2020-01-02,7.0,0.0,13.0,11.1,8.6,6.2,1.0
2020-01-03,4.0,0.0,22.0,10.4,9.9,9.4,0.6
2020-01-04,7.0,2.7,36.0,9.1,5.6,2.2,0.0
2020-01-05,7.0,1.4,32.0,9.1,7.8,6.5,0.0
2020-01-06,7.0,0.2,24.0,9.0,7.8,6.6,0.8
2020-01-07,5.0,0.9,30.0,12.1,8.1,4.1,0.2
2020-01-08,7.0,1.3,37.0,12.1,11.8,11.6,1.0
2020-01-09,3.0,0.9,28.0,13.5,11.5,9.6,4.2
2020-01-10,3.0,3.8,43.0,8.6,7.1,5.7,0.0
2020-01-11,7.0,3.5,43.0,11.0,8.0,5.0,0.6
2020-01-12,3.0,0.5,27.0,11.7,10.6,9.6,0.2
2020-01-13,7.0,2.8,36.0,10.5,7.5,4.6,5.6
2020-01-14,8.0,0.6,27.0,13.4,10.3,7.2,10.0
2020-01-15,3.0,0.0,18.0,10.2,9.1,8.0,3.0
2020-01-16,7.0,2.4,38.0,12.7,8.9,5.2,4.4
2020-01-17,4.0,0.4,34.0,9.6,8.5,7.4,1.0
2020-01-18,2.0,2.7,43.0,8.0,4.6,1.2,0.0
2020-01-19,0.0,6.7,60.0,7.7,3.7,-0.3,0.2
2020-01-20,3.0,6.2,66.0,8.9,4.3,-0.3,0.0
2020-01-21,1.0,3.8,53.0,8.1,3.0,-2.0,0.0
2020-01-22,8.0,5.6,58.0,8.1,4.3,0.6,0.2
2020-01-23,8.0,0.0,17.0,8.1,7.6,7.1,0.0
2020-01-24,8.0,0.0,10.0,7.1,6.5,6.0,0.0
2020-01-25,8.0,0.0,12.0,7.0,6.3,5.6,0.2
2020-01-26,7.0,0.0,21.0,10.6,8.1,5.7,2.4
2020-01-27,7.0,0.1,36.0,9.6,8.5,7.5,9.0
2020-01-28,2.0,1.1,36.0,8.2,5.4,2.6,0.0
2020-01-29,4.0,4.8,69.0,9.7,6.0,2.4,0.0
2020-01-30,8.0,5.8,70.0,13.1,10.0,7.0,0.2
2020-01-31,7.0,0.0,23.0,12.9,10.7,8.6,1.0
2020-02-01,2.0,0.4,39.0,12.5,11.2,10.0,8.0
2020-02-02,7.0,3.3,64.0,13.4,9.9,6.4,0.6
2020-02-03,7.0,0.4,48.0,12.1,10.3,8.5,0.2
2020-02-04,5.0,1.0,49.0,9.5,6.7,4.0,0.0
2020-02-05,7.0,1.5,42.0,,,2.4,
2020-02-06,4.0,3.5,68.0,9.6,4.8,0.0,0.0
2020-02-07,4.0,5.6,80.0,9.4,5.0,0.7,1.2
2020-02-08,7.0,4.3,77.0,11.1,9.5,7.9,0.0
2020-02-09,8.0,3.4,68.0,13.2,10.4,7.6,13.0
2020-02-10,7.0,0.1,24.0,9.7,7.5,5.4,3.0
2020-02-11,2.0,3.0,68.0,8.5,6.0,3.5,0.0
2020-02-12,4.0,6.5,99.0,9.1,5.6,2.2,10.0
2020-02-13,4.0,6.1,91.0,10.5,8.0,5.6,1.0
2020-02-14,7.0,1.1,56.0,12.6,7.2,1.9,3.0
2020-02-15,8.0,3.0,77.0,13.0,11.4,9.9,8.0
2020-02-16,6.0,0.0,20.0,13.1,12.5,12.0,12.2
2020-02-17,7.0,0.2,29.0,11.5,8.4,5.4,0.2
2020-02-18,7.0,4.2,88.0,11.5,7.9,4.4,2.4
2020-02-19,8.0,2.6,74.0,9.2,5.9,2.6,1.2
2020-02-20,4.0,0.0,36.0,10.4,9.5,8.6,5.0
2020-02-21,5.0,1.0,42.0,11.0,7.3,3.7,0.0
2020-02-22,7.0,0.0,67.0,14.4,11.7,9.1,0.4
2020-02-23,7.0,1.6,70.0,15.1,12.0,8.9,2.8
2020-02-24,7.0,1.3,61.0,12.2,8.9,5.7,2.0
2020-02-25,6.0,0.1,30.0,9.7,7.1,4.6,1.0
2020-02-26,5.0,1.7,84.0,9.2,5.1,1.1,4.2
2020-02-27,3.0,4.9,100.0,8.2,5.6,3.1,5.0
2020-02-28,8.0,4.5,91.0,12.0,6.0,0.1,6.0
2020-02-29,3.0,0.7,34.0,9.9,9.4,9.0,7.0
2020-03-01,3.0,4.5,99.0,10.6,7.6,4.6,5.0
2020-03-02,3.0,7.5,137.0,10.1,7.0,3.9,0.2
2020-03-03,4.0,3.6,106.0,10.6,6.0,1.5,0.8
2020-03-04,8.0,2.7,92.0,8.4,4.2,0.0,6.0
2020-03-05,8.0,0.0,54.0,6.1,5.7,5.4,10.0
2020-03-06,1.0,1.2,41.0,10.1,6.6,3.1,0.0
2020-03-07,7.0,8.9,165.0,13.4,7.5,1.6,0.4
2020-03-08,3.0,1.4,96.0,14.4,11.9,9.4,2.0
2020-03-09,7.0,4.7,120.0,11.1,7.8,4.6,7.0
2020-03-10,8.0,1.6,79.0,,,6.4,
2020-03-11,4.0,0.8,18.0,15.5,11.7,8.0,2.0
2020-03-12,2.0,5.4,147.0,11.0,7.7,4.5,1.2
2020-03-13,6.0,6.7,144.0,13.1,9.3,5.5,3.0
2020-03-14,7.0,3.1,115.0,13.6,10.1,6.6,0.8
2020-03-15,7.0,1.3,104.0,12.2,10.9,9.6,2.0
2020-03-16,4.0,1.3,73.0,13.0,7.9,2.9,0.0
2020-03-17,7.0,10.2,198.0,13.6,9.0,4.5,0.0
2020-03-18,7.0,0.6,88.0,15.6,12.5,9.5,0.8
2020-03-19,8.0,0.3,65.0,8.0,7.0,6.1,0.8
2020-03-20,7.0,0.0,35.0,10.1,8.1,6.1,0.0
2020-03-21,5.0,2.1,130.0,11.0,7.4,3.9,0.0
2020-03-22,2.0,10.8,229.0,11.4,7.4,3.4,0.0
2020-03-23,1.0,11.7,238.0,14.0,8.0,2.1,0.0
2020-03-24,3.0,13.4,244.0,15.6,8.0,0.5,0.0
2020-03-25,0.0,13.4,239.0,14.2,7.3,0.4,0.0
2020-03-26,2.0,13.6,247.0,14.0,7.5,1.1,0.0
2020-03-27,0.0,13.1,241.0,14.0,7.7,1.5,0.0
2020-03-28,3.0,12.0,231.0,11.9,8.2,4.5,0.0
2020-03-29,1.0,6.1,160.0,8.1,5.8,3.5,0.0
2020-03-30,6.0,5.9,158.0,10.7,6.4,2.1,0.0
2020-03-31,3.0,1.4,105.0,11.4,7.0,2.6,0.0
2020-04-01,5.0,5.4,162.0,9.4,4.2,-0.9,0.0
2020-04-02,6.0,3.6,129.0,14.1,9.8,5.5,0.0
2020-04-03,6.0,2.8,138.0,14.2,10.5,6.9,0.0
2020-04-04,1.0,6.5,183.0,16.6,9.6,2.7,0.0
2020-04-05,2.0,10.2,241.0,21.7,13.8,6.0,0.4
2020-04-06,2.0,12.7,274.0,18.4,14.5,10.6,0.2
2020-04-07,5.0,5.0,189.0,20.1,12.3,4.6,0.0
2020-04-08,4.0,10.1,232.0,22.0,15.9,9.9,0.0
2020-04-09,3.0,4.4,185.0,23.2,15.9,8.6,0.0
2020-04-10,4.0,12.4,264.0,24.2,16.4,8.7,0.0
2020-04-11,6.0,13.1,268.0,25.1,17.1,9.1,0.0
2020-04-12,6.0,10.4,248.0,24.9,17.2,9.6,0.0
2020-04-13,3.0,11.0,241.0,11.9,10.0,8.2,0.0
2020-04-14,1.0,9.9,253.0,13.5,8.3,3.2,0.0
2020-04-15,4.0,14.5,305.0,19.1,10.8,2.6,0.0
2020-04-16,7.0,13.6,289.0,19.6,12.1,4.6,0.0
2020-04-17,7.0,6.4,187.0,14.7,11.9,9.1,16.0
2020-04-18,7.0,2.3,121.0,16.1,11.3,6.5,1.0
2020-04-19,0.0,5.1,190.0,18.6,12.4,6.2,0.0
2020-04-20,0.0,12.5,307.0,18.6,12.1,5.6,0.0
2020-04-21,2.0,14.7,320.0,18.9,13.5,8.2,0.0
2020-04-22,2.0,14.9,324.0,21.5,14.3,7.1,0.0
2020-04-23,4.0,14.2,316.0,24.1,15.3,6.6,0.0
2020-04-24,1.0,13.6,311.0,22.0,14.9,7.9,0.0
2020-04-25,0.0,14.3,312.0,16.9,11.9,6.9,0.0
2020-04-26,1.0,12.1,316.0,20.6,12.4,4.2,0.0
2020-04-27,6.0,14.0,309.0,18.6,12.8,7.1,3.0
2020-04-28,8.0,3.0,180.0,8.6,8.5,8.5,11.0
2020-04-29,7.0,0.0,51.0,14.2,10.7,7.2,1.6
2020-04-30,6.0,2.3,161.0,14.2,10.2,6.2,4.2
2020-05-01,6.0,4.2,172.0,15.6,11.5,7.5,0.2
2020-05-02,2.0,7.9,259.0,17.6,11.6,5.7,0.0
2020-05-03,8.0,12.0,311.0,15.2,11.9,8.6,0.2
2020-05-04,6.0,1.0,142.0,17.9,13.8,9.7,0.0
2020-05-05,1.0,9.3,270.0,15.5,11.7,8.0,
2020-05-06,0.0,2.4,356.0,,,,
2020-05-07,4.0,15.3,358.0,23.1,14.5,6.0,0.0
2020-05-08,5.0,14.6,335.0,24.2,17.1,10.1,0.0
2020-05-09,6.0,13.1,327.0,25.0,17.8,10.6,0.0
2020-05-10,8.0,12.5,320.0,18.1,14.8,11.6,0.0
2020-05-11,5.0,3.9,170.0,12.6,8.6,4.7,0.0
2020-05-12,5.0,7.7,278.0,16.2,9.3,2.4,0.0
2020-05-13,4.0,8.7,293.0,13.4,9.7,6.1,0.0
2020-05-14,1.0,5.6,262.0,14.7,8.9,3.1,0.0
2020-05-15,3.0,13.1,344.0,19.6,11.3,3.1,0.0
2020-05-16,5.0,11.7,311.0,19.1,13.3,7.6,0.0
2020-05-17,7.0,7.7,278.0,21.1,14.4,7.7,0.0
2020-05-18,6.0,9.7,305.0,24.0,17.1,10.2,0.0
2020-05-19,2.0,13.1,362.0,26.1,18.8,11.6,0.0
2020-05-20,5.0,13.8,364.0,27.9,20.5,13.1,0.0
2020-05-21,5.0,16.0,380.0,27.5,20.3,13.1,0.0
2020-05-22,2.0,13.3,354.0,23.2,20.0,16.9,0.0
2020-05-23,3.0,8.8,304.0,20.0,15.6,11.2,2.0
2020-05-24,3.0,11.0,320.0,22.6,16.5,10.5,0.0
2020-05-25,2.0,8.5,305.0,26.1,18.1,10.1,0.0
2020-05-26,7.0,15.2,386.0,26.6,19.1,11.6,0.0
2020-05-27,6.0,13.0,343.0,26.4,20.0,13.7,0.0
2020-05-28,2.0,11.2,340.0,22.6,17.1,11.6,0.0
2020-05-29,1.0,15.4,395.0,24.4,17.7,11.1,0.0
2020-05-30,0.0,15.7,397.0,25.7,17.8,10.0,0.0
2020-05-31,0.0,15.3,398.0,25.4,18.9,12.5,0.0
2020-06-01,1.0,15.7,399.0,26.9,19.1,11.4,0.0
2020-06-02,4.0,15.6,394.0,25.5,18.9,12.4,0.0
2020-06-03,8.0,13.1,348.0,19.2,16.4,13.6,0.4
2020-06-04,7.0,0.3,121.0,16.6,13.6,10.6,
2020-06-05,4.0,1.2,194.0,16.5,,,1.0
2020-06-06,7.0,5.4,234.0,14.6,10.9,7.2,10.0
2020-06-07,7.0,3.4,189.0,18.7,13.4,8.1,2.0
2020-06-08,4.0,4.6,212.0,16.6,13.5,10.5,0.0
2020-06-09,7.0,2.5,229.0,20.1,15.3,10.6,0.0
2020-06-10,8.0,4.5,249.0,16.5,14.6,12.7,5.0
2020-06-11,7.0,0.5,108.0,21.5,16.2,11.0,0.8
2020-06-12,7.0,1.7,156.0,21.5,17.6,13.7,2.0
2020-06-13,4.0,3.1,192.0,25.1,18.7,12.4,2.0
2020-06-14,6.0,8.4,302.0,23.0,18.0,13.0,0.0
2020-06-15,5.0,8.8,305.0,25.4,18.5,11.6,1.0
2020-06-16,4.0,8.6,299.0,25.0,19.3,13.6,0.2
2020-06-17,7.0,8.9,273.0,22.6,17.7,12.9,11.0
2020-06-18,5.0,0.9,164.0,19.1,16.5,13.9,9.8
2020-06-19,7.0,2.8,149.0,20.9,17.2,13.5,0.4
2020-06-20,4.0,2.1,191.0,23.1,17.5,11.9,0.6
2020-06-21,4.0,7.0,280.0,24.0,19.0,14.1,0.6
2020-06-22,3.0,7.7,292.0,24.0,17.2,10.4,0.0
2020-06-23,1.0,15.9,402.0,28.6,20.2,11.9,0.0
2020-06-24,0.0,15.7,388.0,32.6,24.6,16.7,0.0
2020-06-25,1.0,15.7,389.0,33.5,25.9,18.4,0.0
2020-06-26,4.0,15.2,380.0,31.1,25.3,19.5,3.0
2020-06-27,5.0,11.6,321.0,21.5,18.4,15.4,0.8
2020-06-28,5.0,2.6,198.0,22.1,17.2,12.4,1.8
2020-06-29,5.0,7.2,283.0,21.7,16.9,12.2,0.0
2020-06-30,7.0,1.9,211.0,19.6,16.2,12.9,0.6
2020-07-01,6.0,0.2,147.0,22.6,18.4,14.2,2.0
2020-07-02,5.0,3.5,211.0,22.6,17.3,12.0,2.0
2020-07-03,7.0,5.8,253.0,22.6,17.3,12.1,3.0
2020-07-04,8.0,5.0,258.0,21.5,18.0,14.6,0.0
2020-07-05,3.0,1.5,153.0,23.1,20.0,16.9,0.0
2020-07-06,4.0,9.7,342.0,20.2,15.8,11.5,0.0
2020-07-07,7.0,4.1,222.0,22.6,17.0,11.4,8.0
2020-07-08,8.0,3.8,200.0,20.5,16.8,13.2,2.8
2020-07-09,7.0,0.1,129.0,20.6,18.1,15.7,2.8
2020-07-10,6.0,0.4,122.0,19.7,16.0,12.4,0.0
2020-07-11,4.0,6.0,279.0,21.6,15.1,8.7,0.0
2020-07-12,7.0,11.0,320.0,25.2,17.6,10.0,0.0
2020-07-13,7.0,13.8,366.0,26.2,19.4,12.7,1.0
2020-07-14,7.0,7.0,290.0,23.1,19.1,15.2,0.0
2020-07-15,8.0,1.5,196.0,19.5,16.5,13.6,0.0
2020-07-16,6.0,1.0,133.0,,,16.1,
2020-07-17,2.0,3.8,220.0,28.6,22.8,17.0,0.0
2020-07-18,5.0,11.8,351.0,26.4,20.7,15.1,0.2
2020-07-19,6.0,7.6,307.0,21.5,18.7,15.9,0.6
2020-07-20,1.0,3.5,198.0,22.6,16.6,10.6,0.0
2020-07-21,3.0,14.7,377.0,22.7,16.4,10.2,0.0
2020-07-22,4.0,13.0,360.0,26.4,20.0,13.6,0.0
2020-07-23,7.0,10.6,325.0,26.6,20.0,13.4,0.0
2020-07-24,7.0,4.0,245.0,25.6,20.8,16.1,0.0
2020-07-25,7.0,1.1,180.0,23.1,20.3,17.5,8.0
2020-07-26,6.0,0.7,129.0,23.7,18.1,12.6,2.4
2020-07-27,7.0,3.3,196.0,21.6,18.6,15.6,2.4
2020-07-28,3.0,1.0,128.0,21.6,17.0,12.5,0.0
2020-07-29,6.0,7.8,256.0,24.6,17.1,9.6,0.0
2020-07-30,1.0,12.1,337.0,29.7,21.3,13.0,0.0
2020-07-31,0.0,14.8,351.0,37.9,27.2,16.6,0.0
2020-08-01,4.0,10.6,305.0,27.7,21.7,15.7,0.0
2020-08-02,3.0,10.4,299.0,25.5,18.5,11.6,0.0
2020-08-03,2.0,9.9,303.0,23.6,18.7,13.9,0.0
2020-08-04,3.0,10.0,289.0,25.0,18.0,11.1,0.0
2020-08-05,6.0,9.4,275.0,26.9,21.2,15.6,0.0
2020-08-06,7.0,6.8,270.0,29.7,23.9,18.2,0.0
2020-08-07,2.0,6.2,232.0,36.5,26.2,16.0,0.0
2020-08-08,7.0,9.9,278.0,33.5,27.1,20.7,0.0
2020-08-09,3.0,7.3,256.0,33.9,25.6,17.4,0.0
2020-08-10,3.0,10.9,290.0,,,18.7,0.0
2020-08-11,1.0,12.8,297.0,35.7,28.4,21.2,0.0
2020-08-12,3.0,10.1,267.0,35.5,28.6,21.7,0.4
2020-08-13,6.0,8.1,227.0,28.5,24.9,21.4,3.0
2020-08-14,8.0,3.4,152.0,20.2,18.7,17.2,0.8
2020-08-15,8.0,0.0,75.0,19.6,18.1,16.6,0.0
2020-08-16,5.0,0.4,76.0,24.9,21.7,18.6,0.8
2020-08-17,6.0,1.8,152.0,25.1,20.1,15.1,3.0
2020-08-18,4.0,6.3,223.0,25.1,20.6,16.2,3.0
2020-08-19,7.0,5.2,182.0,19.6,17.2,14.9,13.6
2020-08-20,1.0,1.7,85.0,25.9,21.0,16.1,0.0
2020-08-21,5.0,12.2,287.0,24.0,20.8,17.6,0.0
2020-08-22,3.0,5.4,209.0,24.5,20.4,16.4,0.2
2020-08-23,5.0,9.5,253.0,23.6,19.1,14.7,0.0
2020-08-24,6.0,5.0,208.0,23.7,18.6,13.6,11.0
2020-08-25,6.0,2.3,176.0,22.5,19.0,15.6,3.0
2020-08-26,6.0,1.8,135.0,23.6,19.4,15.2,0.0
2020-08-27,7.0,4.8,194.0,18.4,15.7,13.0,11.0
2020-08-28,7.0,1.2,105.0,20.4,16.7,13.0,6.0
2020-08-29,7.0,3.6,176.0,16.4,13.8,11.2,0.4
2020-08-30,7.0,0.7,123.0,18.0,14.8,11.6,0.0
2020-08-31,7.0,2.5,134.0,18.5,13.3,8.1,0.0
2020-09-01,1.0,4.9,195.0,21.0,13.8,6.6,0.0
2020-09-02,5.0,10.7,239.0,20.5,14.8,9.1,1.0
2020-09-03,7.0,3.6,136.0,22.5,19.0,15.5,1.0
2020-09-04,7.0,0.4,93.0,20.9,16.7,12.5,0.6
2020-09-05,3.0,3.4,153.0,20.1,14.8,9.6,0.0
2020-09-06,6.0,8.1,201.0,20.6,15.3,10.1,0.0
2020-09-07,6.0,4.4,179.0,22.0,16.0,10.0,0.0
2020-09-08,5.0,1.9,142.0,25.7,20.9,16.1,0.0
2020-09-09,5.0,3.5,150.0,22.4,18.4,14.4,0.0
2020-09-10,4.0,2.3,121.0,20.4,14.7,9.1,0.0
2020-09-11,6.0,8.9,211.0,20.4,14.5,8.7,0.2
2020-09-12,5.0,5.5,184.0,22.7,17.5,12.4,0.0
2020-09-13,2.0,9.6,213.0,25.6,19.2,12.9,0.0
2020-09-14,0.0,12.8,231.0,29.6,20.5,11.4,0.0
2020-09-15,3.0,11.8,226.0,29.5,22.3,15.1,0.0
2020-09-16,5.0,9.3,195.0,26.6,22.6,18.6,0.0
2020-09-17,1.0,7.5,179.0,22.6,17.7,12.9,0.0
2020-09-18,3.0,11.9,220.0,22.0,15.8,9.7,0.0
2020-09-19,2.0,10.7,212.0,25.2,18.9,12.6,0.0
2020-09-20,0.0,10.9,202.0,25.2,19.4,13.7,0.0
2020-09-21,4.0,10.8,194.0,24.9,19.4,13.9,0.0
2020-09-22,3.0,8.3,173.0,25.7,18.9,12.2,1.0
2020-09-23,7.0,8.4,165.0,18.6,17.0,15.4,7.0
2020-09-24,5.0,0.6,86.0,16.9,12.5,8.1,3.0
2020-09-25,5.0,3.4,112.0,15.1,10.8,6.5,0.2
2020-09-26,4.0,6.2,164.0,13.6,10.1,6.6,0.0
2020-09-27,7.0,5.0,146.0,14.6,12.6,10.6,0.0
2020-09-28,3.0,1.6,92.0,18.2,13.2,8.2,2.0
2020-09-29,5.0,5.8,156.0,19.6,17.1,14.7,0.2
2020-09-30,7.0,4.0,130.0,18.1,14.1,10.2,3.0
